./SAT11/application/fuhs/slp-synthesis-AES/slp-synthesis-aes-bottom19.cnf,1,10,"[('RestartSAT_B95', 1280.7158), ('Lingeling_587f_fixed_', 1182.1992), ('minisathackminisat_psm_2011-04-01', 1280.7158), ('SAT09referencesolverprecosat_236', 1182.1992)]"
./SAT09/APPLICATIONS/diagnosis/ACG-10-10p0.cnf,1,10,"[('glueminisat_2.2.5', 2600.537457627119), ('glucose_2', 0.0), ('MPhaseSAT64_2011-05-14_fixed_', 2348.8725423728815)]"
./SAT11/application/kullmann/AES/Benchmarks/32/aes_32_1_keyfind_1.cnf,1,10,"[('MPhaseSAT64_2011-05-14_fixed_', 2497.545), ('glueminisat_2.2.5', 2497.545), ('glucose_2', 0.0)]"
./SAT11/application/fuhs/AProVE11/AProVE11-11.cnf,1,10,"[('glueminisat_2.2.5', 2687.667272727273), ('glucose_2', 0.0), ('MPhaseSAT64_2011-05-14_fixed_', 2239.7227272727273)]"
./SAT09/APPLICATIONS/bitverif/countbitsarray/countbitsarray04_32.cnf,1,10,"[('glueminisat_2.2.5', 2666.4168965517238), ('MPhaseSAT64_2011-05-14_fixed_', 2322.3631034482755)]"
./SAT11/application/fuhs/slp-synthesis-AES/slp-synthesis-aes-bottom15.cnf,1,10,"[('RestartSAT_B95', 1291.6301941747572), ('minisathackminisat_psm_2011-04-01', 1291.6301941747572), ('glucose_2', 0.0), ('SAT09referencesolverprecosat_236', 1195.9538834951456), ('Lingeling_587f_fixed_', 1148.1157281553396)]"
./SAT11/application/kullmann/AES/Benchmarks/32/aes_32_5_keyfind_1.cnf,1,10,"[('MPhaseSAT64_2011-05-14_fixed_', 1644.110588235294), ('minisathackcontrasat_2011-03-02', 1702.8288235294117), ('glueminisat_2.2.5', 1644.110588235294), ('glucose_2', 9.094947017729282e-13)]"
./SAT04/industrial/hoonsang/vis-bmc/all.used-as.sat04-986.cnf,1,10,"[('CryptoMiniSat_Strange-Night2-st_fixed_', 2682.3050847457625), ('MPhaseSAT64_2011-05-14_fixed_', 2263.194915254237)]"
./SAT11/application/leberre/2dimensionalstrippacking/E07N15.cnf,1,10,"[('minisathackminisat_psm_2011-04-01', 2543.8443859649124), ('SAT09referencesolverprecosat_236', 2456.125614035088)]"
./SAT02/industrial/goldberg/rand_net/rand_net60-30-1.shuffled.cnf,1,10,"[('glueminisat_2.2.5', 2707.35186440678), ('MPhaseSAT64_2011-05-14_fixed_', 2284.3281355932204)]"
./SAT07/industrial/IBM_FV_2002_13_rule_1/SAT_dat.k100.cnf,1,10,"[('minisathackminisat_psm_2011-04-01', 1303.7532352941178), ('RestartSAT_B95', 1303.7532352941178), ('glucose_2', 0.0), ('SAT09referencesolverprecosat_236', 1207.1789215686274), ('Lingeling_587f_fixed_', 1110.6046078431373)]"
./SAT11/application/manthey/traffic/traffic_3b_unknown.cnf,1,10,"[('minisathackcontrasat_2011-03-02', 1241.5155140186916), ('RestartSAT_B95', 1287.4975700934579), ('Lingeling_587f_fixed_', 1195.5334579439252), ('glucose_2', 0.0), ('SAT09referencesolverprecosat_236', 1195.5334579439252)]"
./SAT04/industrial/hoonsang/vis-bmc/dekker.used-as.sat04-989.cnf,1,10,"[('minisathackminisat_psm_2011-04-01', 1330.2765), ('RestartSAT_B95', 1231.7375), ('QuteRSat_2011-05-12_fixed_', 1182.468), ('SAT09referencesolverprecosat_236', 1182.468)]"
./SAT11/application/rintanen/SATPlanning/blocks-blocks-37-1.130-NOTKNOWN.cnf,1,10,"[('glucose_2', 0.0), ('SAT09referencesolverprecosat_236', 1509.0429268292685), ('QuteRSat_2011-05-12_fixed_', 1509.0429268292685), ('MPhaseSAT64_2011-05-14_fixed_', 1401.2541463414634)]"
./SAT09/APPLICATIONS/satComp09_BioInstances/rbcl_xits_09_UNKNOWN.cnf,1,10,"[('minisathackcontrasat_2011-03-02', 2503.2144262295087), ('RestartSAT_B95', 2422.465573770492)]"
./SAT09/APPLICATIONS/bioinfo/q_query_3_l46_lambda.cnf,1,10,"[('Lingeling_587f_fixed_', 1703.4577777777777), ('minisathackminisat_psm_2011-04-01', 1642.62), ('RestartSAT_B95', 1581.7822222222221)]"
./SAT07/industrial/palacios/hard/sortnet-7-ipc5-h15-unsat.cnf,1,10,"[('Lingeling_587f_fixed_', 2631.130344827586), ('RestartSAT_B95', 2291.629655172414)]"
SAT-Race-2010-CNF/hardware-verification/velev/11pipe_k.cnf,1,10,"[('glueminisat_2.2.5', 1684.9486363636363), ('glucose_2', 0.0), ('MPhaseSAT64_2011-05-14_fixed_', 1521.8890909090908), ('EBGlucose_1.0', 1576.2422727272726)]"
./SAT11/application/rintanen/SATPlanning/transport-transport-city-sequential-35nodes-1000size-4degree-100mindistance-4trucks-14packages-2008seed.030-NOTKNOWN.cnf,1,10,"[('glucose_2', 49.26362499999959), ('SAT09referencesolverprecosat_236', 1379.3815000000002), ('QuteRSat_2011-05-12_fixed_', 1330.1178750000001), ('MPhaseSAT64_2011-05-14_fixed_', 1182.3270000000002)]"
./SAT03/industrial/kukula/addm_bench/am_7_7.shuffled-as.sat03-363.cnf,1,10,"[('QuteRSat_2011-05-12_fixed_', 1957.7284810126584), ('minisathackcontrasat_2011-03-02', 1578.8132911392406), ('MPhaseSAT64_2011-05-14_fixed_', 1452.5082278481013), ('glucose_2', 0.0)]"
./SAT07/industrial/IBM_FV_2002_13_rule_1/SAT_dat.k80.cnf,1,10,"[('minisathackminisat_psm_2011-04-01', 1303.7770588235294), ('RestartSAT_B95', 1303.7770588235294), ('glucose_2', 0.0), ('SAT09referencesolverprecosat_236', 1207.200980392157), ('Lingeling_587f_fixed_', 1110.6249019607844)]"
./SAT09/APPLICATIONS/c32sat/post-cbmc-zfcp-2.8-u2-noholes.cnf,1,10,"[('glucose_2', 41), ('minisathackminisat_psm_2011-04-01', 2523), ('SAT09referencesolverprecosat_236', 2436)]"
./SAT02/industrial/aloul/Homer/homer16.shuffled.cnf,1,10,"[('glucose_2', 2581.6810344827586), ('minisathackcir_minisat_2011-05-13_simp_', 2409.5689655172414)]"
./SAT09/APPLICATIONS/crypto/md5gen/gus-md5-11.cnf,1,10,"[('QuteRSat_2011-05-12_fixed_', 1759.0268292682927), ('glueminisat_2.2.5', 1698.3707317073172), ('MPhaseSAT64_2011-05-14_fixed_', 1516.4024390243903)]"
./SAT11/application/rintanen/SATPlanning/blocks-blocks-37-1.150-SAT.cnf,1,10,"[('SAT09referencesolverprecosat_236', 1433.098048780488), ('QuteRSat_2011-05-12_fixed_', 1433.098048780488), ('MPhaseSAT64_2011-05-14_fixed_', 1330.7339024390244)]"
./SAT11/application/rintanen/SATPlanning/sokoban-sequential-p145-microban-sequential.060-NOTKNOWN.cnf,1,10,"[('QuteRSat_2011-05-12_fixed_', 1668.000989010989), ('SAT09referencesolverprecosat_236', 1668.000989010989), ('glucose_2', 9.094947017729282e-13), ('MPhaseSAT64_2011-05-14_fixed_', 1560.388021978022)]"
./SAT09/APPLICATIONS/crypto/desgen/gss-19-s100.cnf,1,10,"[('QuteRSat_2011-05-12_fixed_', 2572.392258064516), ('Lingeling_587f_fixed_', 2411.617741935484), ('glucose_2', 0.0)]"
./SAT07/industrial/fuhs/hard/AProVE07-03.cnf,1,10,"[('glueminisat_2.2.5', 2538.848245614035), ('MPhaseSAT64_2011-05-14_fixed_', 2451.3017543859646), ('glucose_2', 0.0)]"
./SAT11/application/jarvisalo/AAAI2010-SATPlanning/aaai10-planning-ipc5-pipesworld-27-step13.cnf,1,10,"[('glucose_2', -9.094947017729282e-13), ('SAT09referencesolverprecosat_236', 2113.235593220339), ('QuteRSat_2011-05-12_fixed_', 2042.7944067796611)]"
./SAT11/application/kullmann/AES/Benchmarks/128/aes_128_10_keyfind_1.cnf,1,10,"[('RestartSAT_B95', 1642.2133333333334), ('SAT09referencesolverprecosat_236', 1642.2133333333334), ('minisathackcir_minisat_2011-05-13_simp_', 1642.2133333333334)]"
./SAT11/application/fuhs/slp-synthesis-AES/slp-synthesis-aes-bottom18.cnf,1,1,"[('RestartSAT_B95', 1400.6033333333332), ('glucose_2', 0.0), ('minisathackminisat_psm_2011-04-01', 1304.01), ('SAT09referencesolverprecosat_236', 1159.12), ('Lingeling_587f_fixed_', 1062.5266666666666)]"
./SAT11/application/rintanen/SATPlanning/blocks-blocks-36-0.120-NOTKNOWN.cnf,1,1,"[('Lingeling_587f_fixed_', 1596.3907792207792), ('EBGlucose_1.0', 1537.2651948051948), ('MPhaseSAT64_2011-05-14_fixed_', 1419.014025974026)]"
./SAT11/application/jarvisalo/AAAI2010-SATPlanning/aaai10-planning-ipc5-pathways-13-step17.cnf,1,1,"[('QuteRSat_2011-05-12_fixed_', 1751.9824175824176), ('CryptoMiniSat_Strange-Night2-st_fixed_', 1697.232967032967), ('glucose_2', 1532.9846153846154)]"
./SAT11/application/jarvisalo/smtqfbv-aigs/smtlib-qfbv-aigs-lfsr_008_079_112-tseitin.cnf,1,1,"[('glueminisat_2.2.5', 2257.570461538461), ('Lingeling_587f_fixed_', 2328.119538461538)]"
./SAT02/industrial/dellacherie/comb/comb1.shuffled.cnf,1,1,"[('CryptoMiniSat_Strange-Night2-st_fixed_', 2617.8045901639343), ('glucose_2', 0.0), ('MPhaseSAT64_2011-05-14_fixed_', 2372.3854098360653)]"
./SAT11/application/kullmann/AES/Benchmarks/64/aes_64_2_keyfind_1.cnf,1,1,"[('CryptoMiniSat_Strange-Night2-st_fixed_', 1644.6723863636364), ('Lingeling_587f_fixed_', 1644.6723863636364), ('MPhaseSAT64_2011-05-14_fixed_', 1701.3852272727272)]"
./SAT05/industrial/maris05/DriverLog/driverlog1_ks99i.renamed-as.sat05-3951.cnf,1,1,"[('RestartSAT_B95', 1629.2134831460673), ('minisathackcir_minisat_2011-05-13_simp_', 1741.573033707865), ('MPhaseSAT64_2011-05-14_fixed_', 1629.2134831460673)]"
./SAT09/APPLICATIONS/satComp09_BioInstances/rbcl_xits_18_SAT.cnf,1,1,"[('glucose_2', 0.0), ('RestartSAT_B95', 1725.9557142857143), ('minisathackcontrasat_2011-03-02', 1662.0314285714287), ('Lingeling_587f_fixed_', 1534.1828571428573)]"
./SAT11/application/fuhs/slp-synthesis-AES/slp-synthesis-aes-bottom26.cnf,1,1,"[('RestartSAT_B95', 1399.7077450980391), ('glucose_2', -9.094947017729282e-13), ('minisathackminisat_psm_2011-04-01', 1303.1761764705882), ('SAT09referencesolverprecosat_236', 1158.3788235294119), ('Lingeling_587f_fixed_', 1061.8472549019607)]"
./SAT09/APPLICATIONS/diagnosis/UCG-15-5p0.cnf,1,1,"[('CryptoMiniSat_Strange-Night2-st_fixed_', 2547.4374193548388), ('MPhaseSAT64_2011-05-14_fixed_', 2388.2225806451615)]"
./SAT02/industrial/nam/fpga-routing/k2fix_gr_rcs_w9.shuffled.cnf,1,1,"[('RestartSAT_B95', 1641.2733333333333), ('Lingeling_587f_fixed_', 1580.4854320987654), ('minisathackcontrasat_2011-03-02', 1702.061234567901)]"
./SAT04/industrial/velev/vliw_unsat_2.0/9dlx_vliw_at_b_iq9.used-as.sat04-719.cnf,1,1,"[('glucose_2', 0.0), ('SAT09referencesolverprecosat_236', 2126.9252459016393), ('QuteRSat_2011-05-12_fixed_', 2058.314754098361)]"
./SAT11/application/jarvisalo/smtqfbv-aigs/smtlib-qfbv-aigs-nlzbe256-tseitin.cnf,1,1,"[('RestartSAT_B95', 1673.5386075949366), ('minisathackminisat_psm_2011-04-01', 1797.5044303797467), ('MPhaseSAT64_2011-05-14_fixed_', 1425.6069620253163)]"
SAT_RACE06/velev-pipe-sat-1.0-b9.cnf,1,1,"[('QuteRSat_2011-05-12_fixed_', 2343.9542857142856), ('SAT09referencesolverprecosat_236', 2270.7057142857143)]"
./SAT05/industrial/narain05/vpn/clauses-8.renamed-as.sat05-1964.cnf,1,1,"[('glucose_2', 1444.6668292682928), ('QuteRSat_2011-05-12_fixed_', 1394.8507317073172), ('SAT09referencesolverprecosat_236', 1245.4024390243903)]"
./SAT11/application/fuhs/AProVE11/AProVE11-15.cnf,1,1,"[('glueminisat_2.2.5', 1800.9253749999998), ('glucose_2', 0.0), ('minisathackminisat_psm_2011-04-01', 1614.6227499999998), ('MPhaseSAT64_2011-05-14_fixed_', 1552.521875)]"
./SAT07/industrial/anbulagan/hard-unsat/dated-5-13-u.cnf,1,1,"[('QuteRSat_2011-05-12_fixed_', 1675.789239130435), ('glueminisat_2.2.5', 1675.789239130435), ('Lingeling_587f_fixed_', 1621.7315217391306), ('glucose_2', 0.0)]"
./SAT11/application/leberre/2dimensionalstrippacking/E05X15.cnf,1,1,"[('glucose_2', 1825.3296296296298), ('RestartSAT_B95', 1642.7966666666669), ('minisathackcontrasat_2011-03-02', 1460.2637037037039)]"
./SAT11/application/leberre/2dimensionalstrippacking/E03N17.cnf,1,1,"[('QuteRSat_2011-05-12_fixed_', 1715.613146067416), ('CryptoMiniSat_Strange-Night2-st_fixed_', 1660.270786516854), ('glucose_2', 0.0), ('minisathackcontrasat_2011-03-02', 1549.5860674157304)]"
./SAT11/application/rintanen/SATPlanning/blocks-blocks-36-0.170-NOTKNOWN.cnf,1,1,"[('glucose_2', 49.74987654321012), ('SAT09referencesolverprecosat_236', 1392.9965432098763), ('QuteRSat_2011-05-12_fixed_', 1392.9965432098763), ('MPhaseSAT64_2011-05-14_fixed_', 1193.997037037037)]"
./SAT07/industrial/babic/hsatv17/hsat_vc12062.cnf,1,1,"[('RestartSAT_B95', 1628.2880898876404), ('minisathackcir_minisat_2011-05-13_simp_', 1740.5838202247191), ('glucose_2', 0.0), ('MPhaseSAT64_2011-05-14_fixed_', 1628.2880898876404)]"
./SAT04/industrial/vangelder/cnf-color/abb313GPIA-9-tr.used-as.sat04-321.cnf,1,1,"[('minisathackminisat_psm_2011-04-01', 1779.5963855421687), ('QuteRSat_2011-05-12_fixed_', 1601.636746987952), ('Lingeling_587f_fixed_', 1542.3168674698795)]"
./SAT11/application/rintanen/SATPlanning/openstacks-sequencedstrips-nonadl-nonnegated-os-sequencedstrips-p30_1.035-NOTKNOWN.cnf,1,1,"[('SAT09referencesolverprecosat_236', 2574.3352380952383), ('EBGlucose_1.0', 2340.304761904762)]"
./SAT11/application/fuhs/slp-synthesis-AES/slp-synthesis-aes-top28.cnf,1,1,"[('glueminisat_2.2.5', 1218.4826732673266), ('RestartSAT_B95', 1315.961287128713), ('minisathackminisat_psm_2011-04-01', 1315.961287128713), ('SAT09referencesolverprecosat_236', 1072.2647524752474)]"
./SAT11/application/rintanen/SATPlanning/transport-transport-city-sequential-35nodes-1000size-4degree-100mindistance-4trucks-14packages-2008seed.050-SAT.cnf,1,1,"[('glucose_2', 970.1075862068965), ('glueminisat_2.2.5', 788.2124137931033)]"
./SAT11/application/leberre/2dimensionalstrippacking/E04F19.cnf,1,1,"[('Lingeling_587f_fixed_', 1734.0871590909092), ('glueminisat_2.2.5', 1622.2105681818182), ('minisathackcontrasat_2011-03-02', 1566.2722727272726)]"
./SAT05/industrial/maris05/Ferry/ferry5_ks99i.renamed-as.sat05-3994.cnf,1,1,"[('QuteRSat_2011-05-12_fixed_', 2496.34), ('Lingeling_587f_fixed_', 2496.34)]"
./SAT03/industrial/schuppan/l2s/bc57-sensors-1-k303-unsat.shuffled-as.sat03-406.cnf,1,1,"[('RestartSAT_B95', 1716.1142045454546), ('minisathackcontrasat_2011-03-02', 1550.0386363636364), ('SAT09referencesolverprecosat_236', 1605.397159090909)]"
./SAT09/APPLICATIONS/bitverif/maxxor/maxxor064.cnf,1,1,"[('glucose_2', 0.0), ('RestartSAT_B95', 1348.2505263157896), ('minisathackminisat_psm_2011-04-01', 1348.2505263157896), ('Lingeling_587f_fixed_', 1140.8273684210526), ('SAT09referencesolverprecosat_236', 1088.9715789473685)]"
SAT_RACE08/cnf/manol-pipe-f7nidw.cnf,1,1,"[('glueminisat_2.2.5', 1028.7460465116278), ('glucose_2', 0.0), ('minisathackcontrasat_2011-03-02', 1028.7460465116278), ('RestartSAT_B95', 990.6443410852713), ('Lingeling_587f_fixed_', 990.6443410852713), ('SAT09referencesolverprecosat_236', 876.3392248062015)]"
./SAT11/application/rintanen/SATPlanning/openstacks-sequencedstrips-nonadl-nonnegated-os-sequencedstrips-p30_3.035-NOTKNOWN.cnf,1,2,"[('SAT09referencesolverprecosat_236', 1798.0280487804878), ('QuteRSat_2011-05-12_fixed_', 1558.290975609756), ('MPhaseSAT64_2011-05-14_fixed_', 1558.290975609756)]"
./SAT11/application/leberre/2dimensionalstrippacking/korf-18.cnf,1,2,"[('glucose_2', 9.094947017729282e-13), ('Lingeling_587f_fixed_', 2544.3095), ('EBGlucose_1.0', 2380.1605)]"
./SAT11/application/rintanen/SATPlanning/openstacks-sequencedstrips-nonadl-nonnegated-os-sequencedstrips-p30_3.085-SAT.cnf,1,2,"[('glucose_2', 1657.644827586207), ('EBGlucose_1.0', 1602.39), ('MPhaseSAT64_2011-05-14_fixed_', 1547.1351724137933)]"
SAT_RACE08/cnf/velev-vliw-uns-4.0-9-i1.cnf,1,2,"[('QuteRSat_2011-05-12_fixed_', 2434.6129508196723), ('SAT09referencesolverprecosat_236', 2356.077049180328)]"
./SAT11/application/kullmann/AES/Benchmarks/128/aes_128_1_keyfind_1.cnf,1,2,"[('CryptoMiniSat_Strange-Night2-st_fixed_', 1691.556818181818), ('RestartSAT_B95', 1635.1715909090908), ('MPhaseSAT64_2011-05-14_fixed_', 1635.1715909090908)]"
./SAT11/application/rintanen/SATPlanning/transport-transport-two-cities-sequential-15nodes-1000size-3degree-100mindistance-3trucks-10packages-2008seed.040-SAT.cnf,1,2,"[('SAT09referencesolverprecosat_236', 1663.1378048780489), ('QuteRSat_2011-05-12_fixed_', 1496.824024390244), ('MPhaseSAT64_2011-05-14_fixed_', 1385.9481707317073)]"
./SAT11/application/rintanen/SATPlanning/sokoban-sequential-p145-microban-sequential.050-NOTKNOWN.cnf,1,2,"[('glucose_2', 0.0), ('Lingeling_587f_fixed_', 1696.0014814814815), ('MPhaseSAT64_2011-05-14_fixed_', 1574.8585185185186), ('EBGlucose_1.0', 1635.43)]"
./SAT07/industrial/anbulagan/medium-unsat/dated-5-11-u.cnf,1,2,"[('CryptoMiniSat_Strange-Night2-st_fixed_', 1919.3946987951808), ('RestartSAT_B95', 1499.527108433735), ('glucose_2', 0.0), ('MPhaseSAT64_2011-05-14_fixed_', 1559.5081927710844)]"
./SAT11/application/jarvisalo/HWMCC10-combination-timeframe-expansion/hwmcc10-timeframe-expansion-k45-bobsmhdlc2-tseitin.cnf,1,2,"[('CryptoMiniSat_Strange-Night2-st_fixed_', 2613.1147540983607), ('MPhaseSAT64_2011-05-14_fixed_', 2368.1352459016393), ('glucose_2', 0.0)]"
./SAT09/APPLICATIONS/bitverif/minandmaxor/minandmaxor128.cnf,1,2,"[('minisathackcontrasat_2011-03-02', 1771.521686746988), ('glucose_2', 0.0), ('RestartSAT_B95', 1594.369518072289), ('SAT09referencesolverprecosat_236', 1535.3187951807229)]"
./SAT11/application/fuhs/slp-synthesis-AES/slp-synthesis-aes-top21.cnf,1,2,"[('RestartSAT_B95', 1296.3236842105262), ('glucose_2', 0.0), ('minisathackminisat_psm_2011-04-01', 1348.1766315789473), ('Lingeling_587f_fixed_', 1192.617789473684), ('SAT09referencesolverprecosat_236', 1088.911894736842)]"
SAT_RACE08/cnf/ibm-2004-01-k90.cnf,1,2,"[('QuteRSat_2011-05-12_fixed_', 2508.07873015873), ('CryptoMiniSat_Strange-Night2-st_fixed_', 2429.70126984127)]"
./SAT09/APPLICATIONS/diagnosis/UR-10-10p1.cnf,1,2,"[('glueminisat_2.2.5', 2560.1298333333334), ('MPhaseSAT64_2011-05-14_fixed_', 2394.9601666666667), ('glucose_2', 0.0)]"
./SAT11/application/jarvisalo/HWMCC10-combination-timeframe-expansion/hwmcc10-timeframe-expansion-k45-pdtviseisenberg1-tseitin.cnf,1,2,"[('RestartSAT_B95', 1333.3558333333333), ('glucose_2', 0.0), ('minisathackminisat_psm_2011-04-01', 1333.3558333333333), ('Lingeling_587f_fixed_', 1179.5070833333334), ('SAT09referencesolverprecosat_236', 1076.9412499999999)]"
SAT-Race-2010-CNF/hardware-verification/velev/1dlx_c_iq60_a.cnf,1,2,"[('SAT09referencesolverprecosat_236', 1389.144096385542), ('QuteRSat_2011-05-12_fixed_', 1438.7563855421686), ('MPhaseSAT64_2011-05-14_fixed_', 1289.919518072289)]"
./SAT11/application/fuhs/slp-synthesis-AES/slp-synthesis-aes-bottom25.cnf,1,2,"[('RestartSAT_B95', 1290.712718446602), ('minisathackcontrasat_2011-03-02', 1338.5168932038835), ('Lingeling_587f_fixed_', 1147.3001941747573), ('SAT09referencesolverprecosat_236', 1147.3001941747573)]"
./SAT09/APPLICATIONS/diagnosis/UTI-20-10t0.cnf,1,2,"[('QuteRSat_2011-05-12_fixed_', 2511.5389830508475), ('glucose_2', 2427.8210169491517)]"
./SAT11/application/jarvisalo/AAAI2010-SATPlanning/aaai10-planning-ipc5-TPP-30-step11.cnf,1,2,"[('SAT09referencesolverprecosat_236', 2443.6406779661015), ('QuteRSat_2011-05-12_fixed_', 2207.159322033898)]"
SAT_RACE08/cnf/ibm-2002-30r-k85.cnf,1,2,"[('glucose_2', 2618.420344827586), ('SAT09referencesolverprecosat_236', 2280.559655172414)]"
./SAT09/APPLICATIONS/diagnosis/UCG-20-5p1.cnf,1,2,"[('CryptoMiniSat_Strange-Night2-st_fixed_', 2565.1672131147543), ('MPhaseSAT64_2011-05-14_fixed_', 2324.682786885246)]"
./SAT09/APPLICATIONS/satComp09_BioInstances/rpoc_xits_09_UNSAT.cnf,1,2,"[('minisathackcontrasat_2011-03-02', 2626.9226666666664), ('CryptoMiniSat_Strange-Night2-st_fixed_', 2298.557333333333), ('glucose_2', 0.0)]"
./SAT11/application/fuhs/slp-synthesis-AES/slp-synthesis-aes-top22.cnf,1,2,"[('minisathackminisat_psm_2011-04-01', 1338.9953398058253), ('RestartSAT_B95', 1243.3528155339807), ('Lingeling_587f_fixed_', 1195.5315533980583), ('SAT09referencesolverprecosat_236', 1147.710291262136)]"
./SAT11/application/jarvisalo/smtqfbv-aigs/smtlib-qfbv-aigs-src_wget_vc18517-tseitin.cnf,1,2,"[('minisathackcontrasat_2011-03-02', 1698.123950617284), ('RestartSAT_B95', 1698.123950617284), ('glucose_2', 0.0), ('SAT09referencesolverprecosat_236', 1516.182098765432)]"
./SAT11/application/leberre/2dimensionalstrippacking/E00N23.cnf,1,2,"[('Lingeling_587f_fixed_', 4810.71)]"
./SAT11/application/jarvisalo/HWMCC10-combination-timeframe-expansion/hwmcc10-timeframe-expansion-k45-pdtswvqis8x8p2-tseitin.cnf,1,2,"[('minisathackminisat_psm_2011-04-01', 1325.1134615384617), ('RestartSAT_B95', 1277.787980769231), ('Lingeling_587f_fixed_', 1183.1370192307693), ('SAT09referencesolverprecosat_236', 1135.8115384615385)]"
SAT_RACE08/cnf/mizh-sha0-36-4.cnf,1,2,"[('CryptoMiniSat_Strange-Night2-st_fixed_', 1291.1785185185186), ('RestartSAT_B95', 1291.1785185185186), ('minisathackcontrasat_2011-03-02', 1291.1785185185186), ('glucose_2', 0.0), ('MPhaseSAT64_2011-05-14_fixed_', 1106.7244444444445)]"
./SAT02/industrial/goldberg/fpga_routing/vda_gr_rcs_w9.shuffled.cnf,1,2,"[('Lingeling_587f_fixed_', 2551.834285714286), ('RestartSAT_B95', 2375.8457142857146)]"
./SAT11/application/jarvisalo/HWMCC10-combination-timeframe-expansion/hwmcc10-timeframe-expansion-k50-eijkbs6669-tseitin.cnf,1,2,"[('QuteRSat_2011-05-12_fixed_', 1424.9580555555556), ('CryptoMiniSat_Strange-Night2-st_fixed_', 1287.0588888888888), ('Lingeling_587f_fixed_', 1195.126111111111), ('glucose_2', 0.0), ('MPhaseSAT64_2011-05-14_fixed_', 1057.2269444444444)]"
./SAT03/industrial/li/li-exam/li-exam-61.shuffled-as.sat03-366.cnf,1,2,"[('QuteRSat_2011-05-12_fixed_', 1774.0302298850575), ('CryptoMiniSat_Strange-Night2-st_fixed_', 1659.5766666666666), ('MPhaseSAT64_2011-05-14_fixed_', 1545.1231034482757)]"
./SAT07/industrial/babic/dspam/dspam_dump_vc949.cnf,1,2,"[('glucose_2', 2543.1626315789476), ('SAT09referencesolverprecosat_236', 2455.467368421053)]"
./SAT07/industrial/palacios/hard/sortnet-8-ipc5-h19-sat.cnf,1,3,"[('glucose_2', 2452.8), ('minisathackLR_GL_SHR_2011-03-02', 2452.8)]"
./SAT11/application/rintanen/SATPlanning/sokoban-sequential-p145-microban-sequential.030-NOTKNOWN.cnf,1,3,"[('CryptoMiniSat_Strange-Night2-st_fixed_', 2501.9898305084744), ('MPhaseSAT64_2011-05-14_fixed_', 2418.5901694915256)]"
./SAT11/application/jarvisalo/smtqfbv-aigs/smtlib-qfbv-aigs-lfsr_004_127_112-tseitin.cnf,1,3,"[('QuteRSat_2011-05-12_fixed_', 1680), ('minisathackminisat_psm_2011-04-01', 1680), ('glucose_2', 20), ('MPhaseSAT64_2011-05-14_fixed_', 1620)]"
./SAT11/application/leberre/2dimensionalstrippacking/E15N15.cnf,1,3,"[('QuteRSat_2011-05-12_fixed_', 1686.7267469879519), ('minisathackminisat_psm_2011-04-01', 1686.7267469879519), ('MPhaseSAT64_2011-05-14_fixed_', 1626.4865060240963)]"
./SAT11/application/rintanen/SATPlanning/openstacks-sequencedstrips-nonadl-nonnegated-os-sequencedstrips-p30_3.045-NOTKNOWN.cnf,1,3,"[('SAT09referencesolverprecosat_236', 1787.5949411764707), ('glucose_2', 0.0), ('EBGlucose_1.0', 1556.937529411765), ('MPhaseSAT64_2011-05-14_fixed_', 1556.937529411765)]"
SAT-Race-2010-CNF/hardware-verification/velev/11pipe_11_ooo.cnf,1,3,"[('QuteRSat_2011-05-12_fixed_', 1702.146590909091), ('SAT09referencesolverprecosat_236', 1592.3306818181818), ('MPhaseSAT64_2011-05-14_fixed_', 1537.4227272727271)]"
./SAT11/application/manthey/traffic/traffic_r_uc_sat.cnf,1,3,"[('glucose_2', 1549.5357142857147), ('SAT09referencesolverprecosat_236', 1446.2333333333336), ('QuteRSat_2011-05-12_fixed_', 1342.9309523809527)]"
./SAT09/APPLICATIONS/crypto/desgen/gss-21-s100.cnf,1,3,"[('QuteRSat_2011-05-12_fixed_', 1775.8866666666665), ('Lingeling_587f_fixed_', 1661.3133333333333), ('MPhaseSAT64_2011-05-14_fixed_', 1546.7399999999998)]"
./SAT04/industrial/vangelder/cnf-color/myciel6-tr.used-as.sat04-320.cnf,1,3,"[('QuteRSat_2011-05-12_fixed_', 1700.240989010989), ('Lingeling_587f_fixed_', 1645.3945054945054), ('glucose_2', 0.0), ('MPhaseSAT64_2011-05-14_fixed_', 1645.3945054945054)]"
SAT_RACE08/cnf/manol-pipe-c10nidw.cnf,1,3,"[('minisathackcontrasat_2011-03-02', 1695.431111111111), ('SAT09referencesolverprecosat_236', 1574.328888888889), ('Lingeling_587f_fixed_', 1634.88)]"
./SAT09/APPLICATIONS/satComp09_BioInstances/rbcl_xits_08_UNSAT.cnf,1,3,"[('minisathackcontrasat_2011-03-02', 2461.54), ('RestartSAT_B95', 2461.54), ('glucose_2', 0.0)]"
./SAT05/industrial/grieu05/vmpc/vmpc_34.renamed-as.sat05-1926.cnf,1,3,"[('QuteRSat_2011-05-12_fixed_', 2545.7303333333334), ('glucose_2', 0.0), ('MPhaseSAT64_2011-05-14_fixed_', 2381.489666666667)]"
./SAT09/APPLICATIONS/crypto/md5gen/gus-md5-12.cnf,1,3,"[('CryptoMiniSat_Strange-Night2-st_fixed_', 1698.3639024390245), ('glueminisat_2.2.5', 1759.019756097561), ('MPhaseSAT64_2011-05-14_fixed_', 1516.3963414634147)]"
./SAT11/application/rintanen/SATPlanning/blocks-blocks-36-0.160-NOTKNOWN.cnf,1,3,"[('glucose_2', 0.0), ('SAT09referencesolverprecosat_236', 1378.0633333333335), ('QuteRSat_2011-05-12_fixed_', 1429.102716049383), ('MPhaseSAT64_2011-05-14_fixed_', 1327.023950617284)]"
./SAT11/application/rintanen/SATPlanning/grid-strips-grid-y-4.025-NOTKNOWN.cnf,1,3,"[('glucose_2', 0.0), ('QuteRSat_2011-05-12_fixed_', 1715.8357142857142), ('SAT09referencesolverprecosat_236', 1658.6411904761903), ('MPhaseSAT64_2011-05-14_fixed_', 1429.8630952380952)]"
./SAT11/application/jarvisalo/HWMCC10-combination-timeframe-expansion/hwmcc10-timeframe-expansion-k50-bc57sensorsp2-tseitin.cnf,1,3,"[('RestartSAT_B95', 1306.7095918367347), ('minisathackcontrasat_2011-03-02', 1306.7095918367347), ('glucose_2', 0.0), ('Lingeling_587f_fixed_', 1155.9354081632653), ('SAT09referencesolverprecosat_236', 1155.9354081632653)]"
./SAT02/industrial/biere/dinphil/dp04u03.shuffled.cnf,1,3,"[('CryptoMiniSat_Strange-Night2-st_fixed_', 2663.4826666666663), ('glucose_2', 9.094947017729282e-13), ('MPhaseSAT64_2011-05-14_fixed_', 2330.547333333333)]"
./SAT05/industrial/grieu05/vmpc/vmpc_29.renamed-as.sat05-1916.cnf,1,3,"[('QuteRSat_2011-05-12_fixed_', 2545.988666666667), ('MPhaseSAT64_2011-05-14_fixed_', 2381.7313333333336)]"
./SAT04/industrial/velev/pipe-sat-1-1/12pipe_bug6_q0.used-as.sat04-725.cnf,1,3,"[('SAT09referencesolverprecosat_236', 2454.356393442623), ('QuteRSat_2011-05-12_fixed_', 2375.183606557377)]"
./SAT11/application/jarvisalo/smtqfbv-aigs/smtlib-qfbv-aigs-bin_libsmbsharemodes_vc5759-tseitin.cnf,1,3,"[('RestartSAT_B95', 1361.5785106382978), ('minisathackminisat_psm_2011-04-01', 1256.8417021276596), ('Lingeling_587f_fixed_', 1152.1048936170214), ('SAT09referencesolverprecosat_236', 1152.1048936170214)]"
./SAT03/industrial/simon/sat02/6pipe_6_ooo.shuffled-as.sat03-413.cnf,1,3,"[('minisathackLR_GL_SHR_2011-03-02', 2281.890625), ('SAT09referencesolverprecosat_236', 2429.109375)]"
./SAT11/application/jarvisalo/smtqfbv-aigs/smtlib-qfbv-aigs-VS3-benchmark-S2-tseitin.cnf,1,3,"[('minisathackcontrasat_2011-03-02', 1711.5735), ('glucose_2', 0.0), ('RestartSAT_B95', 1650.4458750000001), ('SAT09referencesolverprecosat_236', 1528.190625)]"
./SAT11/application/fuhs/AProVE11/AProVE11-06.cnf,1,3,"[('glucose_2', 0.0), ('minisathackcontrasat_2011-03-02', 1736.502098765432), ('RestartSAT_B95', 1616.743333333333), ('SAT09referencesolverprecosat_236', 1496.9845679012344)]"
./SAT09/APPLICATIONS/diagnosis/UTI-20-10t1.cnf,1,3,"[('QuteRSat_2011-05-12_fixed_', 2468.31), ('glucose_2', 2468.31)]"
./SAT11/application/fuhs/slp-synthesis-AES/slp-synthesis-aes-bottom16.cnf,1,3,"[('RestartSAT_B95', 1379.5488), ('minisathackminisat_psm_2011-04-01', 1281.0095999999999), ('SAT09referencesolverprecosat_236', 1182.4704), ('Lingeling_587f_fixed_', 1083.9312)]"
SAT-Race-2010-CNF/software-verification/nec/hard-25-U-7061.cnf,1,3,"[('QuteRSat_2011-05-12_fixed_', 1682.202891566265), ('minisathackminisat_psm_2011-04-01', 1682.202891566265), ('MPhaseSAT64_2011-05-14_fixed_', 1622.1242168674698)]"
./SAT03/industrial/schuppan/l2s/dme-03-1-k247-unsat.shuffled-as.sat03-407.cnf,1,3,"[('RestartSAT_B95', 1734.1356962025316), ('minisathackcontrasat_2011-03-02', 1672.2022784810126), ('SAT09referencesolverprecosat_236', 1486.4020253164556)]"
./SAT11/application/fuhs/AProVE11/AProVE11-09.cnf,1,3,"[('RestartSAT_B95', 1303.4964705882353), ('glucose_2', 0.0), ('Lingeling_587f_fixed_', 1158.6635294117646), ('minisathackcontrasat_2011-03-02', 1303.4964705882353), ('SAT09referencesolverprecosat_236', 1158.6635294117646)]"
./SAT11/application/rintanen/SATPlanning/openstacks-sequencedstrips-nonadl-nonnegated-os-sequencedstrips-p30_1.025-NOTKNOWN.cnf,1,3,"[('QuteRSat_2011-05-12_fixed_', 2587.152857142857), ('Lingeling_587f_fixed_', 2351.957142857143), ('glucose_2', -9.094947017729282e-13)]"
./SAT11/application/leberre/2dimensionalstrippacking/E02F22.cnf,1,3,"[('QuteRSat_2011-05-12_fixed_', 2474.6395384615385), ('glucose_2', 0.0), ('glueminisat_2.2.5', 2399.6504615384615)]"
./SAT07/industrial/jarvisalo/eq.atree.braun.12.unsat.cnf,1,4,"[('QuteRSat_2011-05-12_fixed_', 2495.455), ('CryptoMiniSat_Strange-Night2-st_fixed_', 2495.455)]"
./SAT07/industrial/IBM_FV_2004_30/IBM_FV_2004_rule_batch_30_SAT_dat.k80.cnf,1,4,"[('RestartSAT_B95', 1676.9050632911394), ('minisathackminisat_psm_2011-04-01', 1676.9050632911394), ('SAT09referencesolverprecosat_236', 1552.6898734177216)]"
./SAT07/industrial/anbulagan/hard-sat/partial-10-15-s.cnf,1,4,"[('QuteRSat_2011-05-12_fixed_', 2458.9), ('CryptoMiniSat_Strange-Night2-st_fixed_', 2458.9)]"
./SAT11/application/fuhs/AProVE11/AProVE11-07.cnf,1,4,"[('minisathackcontrasat_2011-03-02', 1709.8025), ('glucose_2', 0.0), ('RestartSAT_B95', 1648.7381249999999), ('SAT09referencesolverprecosat_236', 1526.609375)]"
./SAT11/application/rintanen/SATPlanning/openstacks-sequencedstrips-nonadl-nonnegated-os-sequencedstrips-p30_1.045-NOTKNOWN.cnf,1,4,"[('glucose_2', 1653.0438372093015), ('SAT09referencesolverprecosat_236', 1767.0468604651164), ('MPhaseSAT64_2011-05-14_fixed_', 1482.0393023255815)]"
./SAT11/application/jarvisalo/HWMCC10-combination-timeframe-expansion/hwmcc10-timeframe-expansion-k45-pdtswvtms14x8p1-tseitin.cnf,1,4,"[('RestartSAT_B95', 1338.2309782608695), ('minisathackminisat_psm_2011-04-01', 1284.7017391304348), ('Lingeling_587f_fixed_', 1177.6432608695652), ('SAT09referencesolverprecosat_236', 1124.1140217391305)]"
./SAT11/application/jarvisalo/smtqfbv-aigs/smtlib-qfbv-aigs-lfsr_008_063_080-tseitin.cnf,1,4,"[('glueminisat_2.2.5', 2357.2873846153843), ('glucose_2', 0.0), ('Lingeling_587f_fixed_', 2430.952615384615)]"
./SAT11/application/rintanen/SATPlanning/sokoban-sequential-p145-microban-sequential.070-NOTKNOWN.cnf,1,4,"[('SAT09referencesolverprecosat_236', 1736.554666666667), ('glucose_2', 1573.7526666666668), ('MPhaseSAT64_2011-05-14_fixed_', 1573.7526666666668)]"
./SAT02/industrial/goldberg/rand_net/rand_net60-25-10.shuffled.cnf,1,4,"[('QuteRSat_2011-05-12_fixed_', 2533.542), ('CryptoMiniSat_Strange-Night2-st_fixed_', 2456.768), ('glucose_2', 9.094947017729282e-13)]"
./SAT09/APPLICATIONS/bitverif/countbitsrotate/countbitsrotate032.cnf,1,4,"[('CryptoMiniSat_Strange-Night2-st_fixed_', 2536.438983050847), ('glueminisat_2.2.5', 2451.8910169491523), ('glucose_2', 0.0)]"
./SAT02/industrial/nam/fpga-routing/k2fix_gr_rcs_w8.shuffled.cnf,1,4,"[('glucose_2', 0.0), ('RestartSAT_B95', 1661.988375), ('SAT09referencesolverprecosat_236', 1600.4332499999998), ('Lingeling_587f_fixed_', 1661.988375)]"
SAT_RACE08/Q1/SAT_dat.k80_04.cnf,1,4,"[('QuteRSat_2011-05-12_fixed_', 2473.43), ('glueminisat_2.2.5', 2473.43)]"
./SAT11/application/jarvisalo/HWMCC10-combination-timeframe-expansion/hwmcc10-timeframe-expansion-k45-pdtpmsgoodbakery-tseitin.cnf,1,4,"[('QuteRSat_2011-05-12_fixed_', 4965.68)]"
./SAT11/application/rintanen/SATPlanning/transport-transport-three-cities-sequential-14nodes-1000size-4degree-100mindistance-4trucks-14packages-2008seed.030-NOTKNOWN.cnf,1,4,"[('QuteRSat_2011-05-12_fixed_', 1798.9081967213117), ('SAT09referencesolverprecosat_236', 1858.8718032786887)]"
./SAT05/industrial/grieu05/vmpc/vmpc_32.renamed-as.sat05-1919.cnf,1,4,"[('QuteRSat_2011-05-12_fixed_', 1796.8584705882354), ('MPhaseSAT64_2011-05-14_fixed_', 1622.9689411764707), ('minisathackcontrasat_2011-03-02', 1507.0425882352943)]"
./SAT09/APPLICATIONS/satComp09_BioInstances/ndhf_xits_19_UNKNOWN.cnf,1,4,"[('RestartSAT_B95', 1657.6188607594936), ('minisathackminisat_psm_2011-04-01', 1596.225569620253), ('glucose_2', 0.0), ('Lingeling_587f_fixed_', 1596.225569620253)]"
./SAT07/industrial/IBM_FV_2004_30/IBM_FV_2004_rule_batch_30_SAT_dat.k55.cnf,1,4,"[('glucose_2', -9.094947017729282e-13), ('RestartSAT_B95', 1704.6258666666668), ('minisathackminisat_psm_2011-04-01', 1704.6258666666668), ('SAT09referencesolverprecosat_236', 1507.9382666666668)]"
SAT-Race-2010-CNF/software-verification/nec/hard-6-U-7061.cnf,1,4,"[('glucose_2', 0.0), ('Lingeling_587f_fixed_', 1694.2696296296297), ('minisathackminisat_psm_2011-04-01', 1633.76), ('RestartSAT_B95', 1573.2503703703703)]"
./SAT11/application/fuhs/AProVE11/AProVE11-10.cnf,1,4,"[('RestartSAT_B95', 1683.6576923076923), ('minisathackcontrasat_2011-03-02', 1683.6576923076923), ('SAT09referencesolverprecosat_236', 1496.5846153846153)]"
./SAT11/application/rintanen/SATPlanning/transport-transport-city-sequential-35nodes-1000size-4degree-100mindistance-4trucks-14packages-2008seed.040-NOTKNOWN.cnf,1,4,"[('glucose_2', 38.64194805194802), ('Lingeling_587f_fixed_', 1081.9745454545455), ('EBGlucose_1.0', 966.0487012987014), ('minisathackminisat_psm_2011-04-01', 888.7648051948053)]"
./SAT11/application/jarvisalo/HWMCC10-combination-timeframe-expansion/hwmcc10-timeframe-expansion-k45-pdtvissoap1-tseitin.cnf,1,4,"[('glueminisat_2.2.5', 1033.5525210084033), ('RestartSAT_B95', 1033.5525210084033), ('minisathackcontrasat_2011-03-02', 1033.5525210084033), ('SAT09referencesolverprecosat_236', 909.526218487395), ('Lingeling_587f_fixed_', 909.526218487395)]"
./SAT11/application/rintanen/SATPlanning/grid-strips-grid-y-3.035-NOTKNOWN.cnf,1,4,"[('QuteRSat_2011-05-12_fixed_', 1694.2345454545452), ('glucose_2', 0.0), ('SAT09referencesolverprecosat_236', 1639.581818181818), ('MPhaseSAT64_2011-05-14_fixed_', 1475.6236363636363)]"
./SAT09/APPLICATIONS/bitverif/maxxor/maxxor128.cnf,1,4,"[('minisathackcontrasat_2011-03-02', 1698.1200000000001), ('SAT09referencesolverprecosat_236', 1572.3333333333335), ('RestartSAT_B95', 1635.2266666666667)]"
./SAT11/application/rintanen/SATPlanning/transport-transport-city-sequential-25nodes-1000size-3degree-100mindistance-3trucks-10packages-2008seed.060-SAT.cnf,1,4,"[('glucose_2', 1397.0433333333326), ('SAT09referencesolverprecosat_236', 1493.3911494252875), ('MPhaseSAT64_2011-05-14_fixed_', 1300.6955172413793)]"
./SAT09/APPLICATIONS/diagnosis/UTI-10-5t1.cnf,1,4,"[('QuteRSat_2011-05-12_fixed_', 2487.125), ('glueminisat_2.2.5', 2487.125), ('glucose_2', 0.0)]"
./SAT02/industrial/biere/dinphil/dp10s10.shuffled.cnf,1,4,"[('glueminisat_2.2.5', 2495.05), ('glucose_2', 0.0), ('minisathackcontrasat_2011-03-02', 2495.05)]"
./SAT11/application/jarvisalo/HWMCC10-combination-timeframe-expansion/hwmcc10-timeframe-expansion-k45-pdtswvrod6x8p1-tseitin.cnf,1,4,"[('RestartSAT_B95', 1370.0690721649487), ('glucose_2', -9.094947017729282e-13), ('minisathackminisat_psm_2011-04-01', 1319.3257731958765), ('Lingeling_587f_fixed_', 1116.3525773195877), ('SAT09referencesolverprecosat_236', 1116.3525773195877)]"
./SAT11/application/kullmann/AES/Benchmarks/64/aes_64_1_keyfind_1.cnf,1,4,"[('QuteRSat_2011-05-12_fixed_', 1701.480681818182), ('RestartSAT_B95', 1588.0486363636364), ('minisathackcontrasat_2011-03-02', 1701.480681818182), ('glucose_2', 0.0)]"
./SAT11/application/jarvisalo/HWMCC10-combination-timeframe-expansion/hwmcc10-timeframe-expansion-k45-bobsm5378d2-tseitin.cnf,1,4,"[('CryptoMiniSat_Strange-Night2-st_fixed_', 2489.18), ('glueminisat_2.2.5', 2489.18), ('glucose_2', 0.0)]"
./SAT11/application/leberre/2dimensionalstrippacking/E00X23.cnf,1,4,"[('glueminisat_2.2.5', 2385.8756923076926), ('Lingeling_587f_fixed_', 2460.434307692308), ('glucose_2', 0.0)]"
./SAT11/application/manthey/traffic/traffic_b_unsat.cnf,1,5,"[('RestartSAT_B95', 1252.4756363636363), ('Lingeling_587f_fixed_', 1207.7443636363635), ('glucose_2', 0.0), ('minisathackcontrasat_2011-03-02', 1252.4756363636363), ('SAT09referencesolverprecosat_236', 1207.7443636363635)]"
./SAT11/application/jarvisalo/HWMCC10-combination-timeframe-expansion/hwmcc10-timeframe-expansion-k50-pdtpmsns2-tseitin.cnf,1,5,"[('CryptoMiniSat_Strange-Night2-st_fixed_', 1750.7017721518985), ('glueminisat_2.2.5', 1750.7017721518985), ('glucose_2', 0.0), ('MPhaseSAT64_2011-05-14_fixed_', 1438.0764556962024)]"
./SAT05/industrial/grieu05/vmpc/vmpc_25.renamed-as.sat05-1913.cnf,1,5,"[('glucose_2', 2589.9396610169492), ('RestartSAT_B95', 2339.300338983051)]"
./SAT11/application/fuhs/slp-synthesis-AES/slp-synthesis-aes-bottom24.cnf,1,5,"[('RestartSAT_B95', 1254.2595283018868), ('Lingeling_587f_fixed_', 1207.8054716981133), ('glucose_2', 0.0), ('minisathackminisat_psm_2011-04-01', 1254.2595283018868), ('SAT09referencesolverprecosat_236', 1207.8054716981133)]"
./SAT07/industrial/IBM_FV_2002_13_rule_1/SAT_dat.k45.cnf,1,5,"[('minisathackcontrasat_2011-03-02', 1313.4986666666666), ('RestartSAT_B95', 1219.6773333333333), ('Lingeling_587f_fixed_', 1219.6773333333333), ('SAT09referencesolverprecosat_236', 1172.7666666666667)]"
./SAT11/application/fuhs/slp-synthesis-AES/slp-synthesis-aes-bottom12.cnf,1,5,"[('glueminisat_2.2.5', 1704.5413793103448), ('glucose_2', 0.0), ('minisathackcontrasat_2011-03-02', 1647.7233333333334), ('MPhaseSAT64_2011-05-14_fixed_', 1590.9052873563219)]"
./SAT09/APPLICATIONS/diagnosis/UTI-20-10p1.cnf,1,5,"[('glucose_2', 2475.9610169491534), ('QuteRSat_2011-05-12_fixed_', 2393.4289830508474)]"
./SAT11/application/jarvisalo/HWMCC10-combination-timeframe-expansion/hwmcc10-timeframe-expansion-k50-bc57sensorsp3-tseitin.cnf,1,5,"[('SAT09referencesolverprecosat_236', 1242.9891588785047), ('Lingeling_587f_fixed_', 1289.0257943925233), ('minisathackcontrasat_2011-03-02', 1242.9891588785047), ('RestartSAT_B95', 1150.9158878504672)]"
./SAT11/application/jarvisalo/HWMCC10-combination-timeframe-expansion/hwmcc10-timeframe-expansion-k50-pdtviseisenberg2-tseitin.cnf,1,5,"[('glucose_2', 9.094947017729282e-13), ('RestartSAT_B95', 1253.8112264150943), ('minisathackminisat_psm_2011-04-01', 1300.2486792452828), ('Lingeling_587f_fixed_', 1207.3737735849056), ('SAT09referencesolverprecosat_236', 1160.936320754717)]"
./SAT11/application/kullmann/AES/Benchmarks/32/aes_32_4_keyfind_1.cnf,1,5,"[('minisathackcontrasat_2011-03-02', 1804.0228915662651), ('Lingeling_587f_fixed_', 1563.4865060240966), ('MPhaseSAT64_2011-05-14_fixed_', 1623.6206024096386), ('glucose_2', 0.0)]"
SAT-Race-2010-CNF/cryptography/mizh/sha0_36_5.cnf,1,5,"[('CryptoMiniSat_Strange-Night2-st_fixed_', 1660.1000000000001), ('glueminisat_2.2.5', 1778.6785714285716), ('glucose_2', 0.0), ('MPhaseSAT64_2011-05-14_fixed_', 1541.5214285714287)]"
./SAT04/industrial/velev/pipe-sat-1-1/12pipe_bug4_q0.used-as.sat04-723.cnf,1,5,"[('glucose_2', 0.0), ('SAT09referencesolverprecosat_236', 2456.780491803279), ('QuteRSat_2011-05-12_fixed_', 2377.5295081967215)]"
./SAT11/application/fuhs/slp-synthesis-AES/slp-synthesis-aes-bottom17.cnf,1,5,"[('Lingeling_587f_fixed_', 1231.66), ('RestartSAT_B95', 1231.66), ('minisathackminisat_psm_2011-04-01', 1279.0315384615385), ('SAT09referencesolverprecosat_236', 1184.2884615384617)]"
./SAT07/industrial/crypto/mizh-sha0-36-2.cnf,1,5,"[('CryptoMiniSat_Strange-Night2-st_fixed_', 1660.1166666666668), ('glueminisat_2.2.5', 1778.6964285714287), ('glucose_2', 0.0), ('MPhaseSAT64_2011-05-14_fixed_', 1541.536904761905)]"
./SAT11/application/fuhs/slp-synthesis-AES/slp-synthesis-aes-top29.cnf,1,5,"[('RestartSAT_B95', 1218.7982857142856), ('glucose_2', 0.0), ('minisathackcontrasat_2011-03-02', 1312.552), ('Lingeling_587f_fixed_', 1218.7982857142856), ('SAT09referencesolverprecosat_236', 1171.9214285714286)]"
./SAT11/application/fuhs/AProVE11/AProVE11-13.cnf,1,5,"[('glucose_2', 0.0), ('minisathackcontrasat_2011-03-02', 1640.4265384615385), ('RestartSAT_B95', 1579.67), ('SAT09referencesolverprecosat_236', 1518.9134615384614)]"
./SAT09/APPLICATIONS/diagnosis/UR-20-10p1.cnf,1,5,"[('CryptoMiniSat_Strange-Night2-st_fixed_', 2510.45953125), ('glucose_2', 2358.3104687500004)]"
./SAT11/application/rintanen/SATPlanning/sokoban-sequential-p145-microban-sequential.080-SAT.cnf,1,5,"[('SAT09referencesolverprecosat_236', 1735.415632183908), ('glucose_2', 0.0), ('QuteRSat_2011-05-12_fixed_', 1623.4533333333334), ('MPhaseSAT64_2011-05-14_fixed_', 1511.4910344827586)]"
./SAT09/APPLICATIONS/crypto/desgen/gss-22-s100.cnf,1,5,"[('QuteRSat_2011-05-12_fixed_', 2572.283870967742), ('Lingeling_587f_fixed_', 2411.516129032258)]"
./SAT11/application/jarvisalo/smtqfbv-aigs/smtlib-qfbv-aigs-rfunit_flat-64-tseitin.cnf,1,5,"[('glucose_2', 2452.3509523809525), ('EBGlucose_1.0', 2531.459047619048)]"
./SAT11/application/fuhs/slp-synthesis-AES/slp-synthesis-aes-top24.cnf,1,5,"[('Lingeling_587f_fixed_', 1231.1425), ('RestartSAT_B95', 1231.1425), ('minisathackminisat_psm_2011-04-01', 1278.4941346153846), ('SAT09referencesolverprecosat_236', 1183.7908653846152)]"
./SAT11/application/fuhs/slp-synthesis-AES/slp-synthesis-aes-bottom20.cnf,1,5,"[('Lingeling_587f_fixed_', 1220.0655963302752), ('minisathackcontrasat_2011-03-02', 1265.2532110091743), ('RestartSAT_B95', 1220.0655963302752), ('SAT09referencesolverprecosat_236', 1220.0655963302752), ('glucose_2', 0.0)]"
./SAT09/APPLICATIONS/bitverif/countbitssrl/countbitssrl064.cnf,1,5,"[('glueminisat_2.2.5', 984.8919999999999), ('RestartSAT_B95', 984.8919999999999), ('Lingeling_587f_fixed_', 984.8919999999999), ('glucose_2', 0.0), ('minisathackcontrasat_2011-03-02', 1024.28768), ('SAT09referencesolverprecosat_236', 945.49632)]"
./SAT11/application/jarvisalo/HWMCC10-combination-timeframe-expansion/hwmcc10-timeframe-expansion-k45-bc57sensorsp1-tseitin.cnf,1,5,"[('glucose_2', -9.094947017729282e-13), ('minisathackminisat_psm_2011-04-01', 1291.4047572815534), ('RestartSAT_B95', 1195.745145631068), ('Lingeling_587f_fixed_', 1243.5749514563108), ('SAT09referencesolverprecosat_236', 1195.745145631068)]"
./SAT07/industrial/IBM_FV_2002_13_rule_1/SAT_dat.k20.cnf,1,5,"[('RestartSAT_B95', 1242.9260747663552), ('minisathackcontrasat_2011-03-02', 1288.9603738317758), ('Lingeling_587f_fixed_', 1196.8917757009347), ('SAT09referencesolverprecosat_236', 1196.8917757009347)]"
./SAT11/application/manthey/traffic/traffic_fb_unknown.cnf,1,5,"[('Lingeling_587f_fixed_', 1241.2278504672897), ('RestartSAT_B95', 1241.2278504672897), ('minisathackcontrasat_2011-03-02', 1241.2278504672897), ('SAT09referencesolverprecosat_236', 1195.2564485981306)]"
./SAT11/application/jarvisalo/HWMCC10-combination-timeframe-expansion/hwmcc10-timeframe-expansion-k50-pdtvisns3p00-tseitin.cnf,1,5,"[('Lingeling_587f_fixed_', 1266.5887128712873), ('glucose_2', 0.0), ('RestartSAT_B95', 1217.8737623762377), ('minisathackminisat_psm_2011-04-01', 1266.5887128712873), ('SAT09referencesolverprecosat_236', 1169.1588118811883)]"
./SAT09/APPLICATIONS/bitverif/minxorminand/minxorminand128.cnf,1,5,"[('minisathackminisat_psm_2011-04-01', 1316.9758928571428), ('Lingeling_587f_fixed_', 1273.0766964285715), ('SAT09referencesolverprecosat_236', 1185.2783035714285), ('RestartSAT_B95', 1141.3791071428573)]"
./SAT11/application/jarvisalo/AAAI2010-SATPlanning/aaai10-planning-ipc5-TPP-21-step11.cnf,1,5,"[('QuteRSat_2011-05-12_fixed_', 2494.623492063492), ('Lingeling_587f_fixed_', 2416.666507936508), ('glucose_2', 0.0)]"
./SAT07/industrial/manolios/manol-pipe-f7idw.cnf,1,5,"[('minisathackminisat_psm_2011-04-01', 1305.5017699115047), ('Lingeling_587f_fixed_', 1261.9850442477878), ('glucose_2', -9.094947017729282e-13), ('SAT09referencesolverprecosat_236', 1174.9515929203542), ('RestartSAT_B95', 1174.9515929203542)]"
./SAT11/application/fuhs/slp-synthesis-AES/slp-synthesis-aes-top25.cnf,1,6,"[('Lingeling_587f_fixed_', 1207.7809433962263), ('minisathackcontrasat_2011-03-02', 1254.2340566037735), ('RestartSAT_B95', 1254.2340566037735), ('glucose_2', 0.0), ('SAT09referencesolverprecosat_236', 1207.7809433962263)]"
./SAT04/industrial/velev/vliw_unsat_2.0/9dlx_vliw_at_b_iq6.used-as.sat04-347.cnf,1,6,"[('Lingeling_587f_fixed_', 2387.616507936508), ('QuteRSat_2011-05-12_fixed_', 2313.003492063492)]"
./SAT11/application/kullmann/AES/Benchmarks/32/aes_32_2_keyfind_1.cnf,1,6,"[('CryptoMiniSat_Strange-Night2-st_fixed_', 1663.75), ('minisathackcontrasat_2011-03-02', 1721.1206896551723), ('MPhaseSAT64_2011-05-14_fixed_', 1606.3793103448274), ('glucose_2', 0.0)]"
./SAT04/industrial/velev/vliw_unsat_2.0/9dlx_vliw_at_b_iq8.used-as.sat04-718.cnf,1,6,"[('Lingeling_587f_fixed_', 2249.505), ('glucose_2', 0.0), ('QuteRSat_2011-05-12_fixed_', 2249.505)]"
./SAT05/industrial/grieu05/vmpc/vmpc_36.renamed-as.sat05-1922.cnf,1,6,"[('QuteRSat_2011-05-12_fixed_', 2588.3528813559324), ('glucose_2', 0.0), ('MPhaseSAT64_2011-05-14_fixed_', 2337.867118644068)]"
SAT-Race-2010-CNF/software-verification/nec/hard-18-U-10652.cnf,1,6,"[('glucose_2', 0.0), ('SAT09referencesolverprecosat_236', 2308.769661016949), ('QuteRSat_2011-05-12_fixed_', 2085.3403389830505)]"
./SAT09/APPLICATIONS/c32sat/post-c32s-gcdm16-23.cnf,1,6,"[('CryptoMiniSat_Strange-Night2-st_fixed_', 1722.92843373494), ('glueminisat_2.2.5', 1663.517108433735), ('glucose_2', 0.0), ('MPhaseSAT64_2011-05-14_fixed_', 1544.6944578313255)]"
./SAT05/industrial/maris05/Rovers/rovers1_ks99i.renamed-as.sat05-3971.cnf,1,6,"[('QuteRSat_2011-05-12_fixed_', 2577.2438709677417), ('Lingeling_587f_fixed_', 2416.1661290322577), ('glucose_2', 0.0)]"
./SAT11/application/jarvisalo/AAAI2010-SATPlanning/aaai10-planning-ipc5-pipesworld-18-step16.cnf,1,6,"[('SAT09referencesolverprecosat_236', 1770.72), ('glucose_2', 0.0), ('MPhaseSAT64_2011-05-14_fixed_', 1542.24), ('EBGlucose_1.0', 1542.24)]"
./SAT11/application/jarvisalo/AAAI2010-SATPlanning/aaai10-planning-ipc5-pipesworld-12-step15.cnf,1,6,"[('Lingeling_587f_fixed_', 2540.7620689655178), ('glucose_2', -9.094947017729282e-13), ('QuteRSat_2011-05-12_fixed_', 2371.377931034483)]"
./SAT11/application/rintanen/SATPlanning/transport-transport-three-cities-sequential-14nodes-1000size-4degree-100mindistance-4trucks-14packages-2008seed.020-NOTKNOWN.cnf,1,6,"[('glucose_2', 0.0), ('SAT09referencesolverprecosat_236', 1628.0855421686745), ('QuteRSat_2011-05-12_fixed_', 1519.5465060240963), ('MPhaseSAT64_2011-05-14_fixed_', 1356.737951807229)]"
./SAT07/industrial/palacios/medium/cube-11-h14-sat.cnf,1,6,"[('SAT09referencesolverprecosat_236', 1638.8197590361447), ('minisathackcontrasat_2011-03-02', 1638.8197590361447), ('RestartSAT_B95', 1580.290481927711)]"
./SAT11/application/kullmann/AES/Benchmarks/64/aes_64_4_keyfind_1.cnf,1,6,"[('CryptoMiniSat_Strange-Night2-st_fixed_', 1702.3955294117645), ('glueminisat_2.2.5', 1643.6922352941176), ('MPhaseSAT64_2011-05-14_fixed_', 1643.6922352941176)]"
./SAT11/application/jarvisalo/AAAI2010-SATPlanning/aaai10-planning-ipc5-rovers-18-step11.cnf,1,6,"[('glueminisat_2.2.5', 1659.647191011236), ('RestartSAT_B95', 1659.647191011236), ('minisathackcontrasat_2011-03-02', 1604.325617977528)]"
./SAT02/industrial/aloul/Bart/bart17.shuffled.cnf,1,6,"[('MPhaseSAT64_2011-05-14_fixed_', 2455.726229508197), ('glucose_2', 2537.5837704918035)]"
./SAT04/industrial/vangelder/cnf-color/abb313GPIA-9-c.used-as.sat04-317.cnf,1,6,"[('RestartSAT_B95', 1325.0434615384615), ('minisathackminisat_psm_2011-04-01', 1230.3975), ('SAT09referencesolverprecosat_236', 1183.0745192307693), ('Lingeling_587f_fixed_', 1183.0745192307693)]"
./SAT11/application/rintanen/SATPlanning/sokoban-sequential-p145-microban-sequential.040-NOTKNOWN.cnf,1,6,"[('QuteRSat_2011-05-12_fixed_', 2539.0291666666667), ('glucose_2', 0.0), ('MPhaseSAT64_2011-05-14_fixed_', 2375.2208333333333)]"
./SAT09/APPLICATIONS/bitverif/smulo/smulo064.cnf,1,6,"[('CryptoMiniSat_Strange-Night2-st_fixed_', 1731.2860240963855), ('glueminisat_2.2.5', 1671.5865060240965), ('MPhaseSAT64_2011-05-14_fixed_', 1552.1874698795182), ('glucose_2', 0.0)]"
./SAT11/application/jarvisalo/smtqfbv-aigs/smtlib-qfbv-aigs-countbits128-tseitin.cnf,1,6,"[('CryptoMiniSat_Strange-Night2-st_fixed_', 1699.8936585365855), ('glueminisat_2.2.5', 1821.3146341463414), ('glucose_2', 0.0), ('MPhaseSAT64_2011-05-14_fixed_', 1457.0517073170731)]"
./SAT07/industrial/jarvisalo/eq.atree.braun.11.unsat.cnf,1,6,"[('QuteRSat_2011-05-12_fixed_', 1774.5777777777778), ('CryptoMiniSat_Strange-Night2-st_fixed_', 1719.1222222222223), ('MPhaseSAT64_2011-05-14_fixed_', 1497.3)]"
./SAT09/APPLICATIONS/crypto/desgen/gss-27-s100.cnf,1,6,"[('QuteRSat_2011-05-12_fixed_', 2572.263225806452), ('Lingeling_587f_fixed_', 2411.4967741935484)]"
./SAT11/application/fuhs/slp-synthesis-AES/slp-synthesis-aes-bottom21.cnf,1,6,"[('RestartSAT_B95', 1365.4019801980198), ('glucose_2', 0.0), ('minisathackminisat_psm_2011-04-01', 1267.8732673267327), ('Lingeling_587f_fixed_', 1121.5801980198019), ('SAT09referencesolverprecosat_236', 1170.3445544554456)]"
./SAT11/application/fuhs/AProVE11/AProVE11-12.cnf,1,6,"[('CryptoMiniSat_Strange-Night2-st_fixed_', 1755.981176470588), ('glueminisat_2.2.5', 1697.448470588235), ('MPhaseSAT64_2011-05-14_fixed_', 1521.8503529411764), ('glucose_2', 0.0)]"
SAT_RACE08/Q1/SAT_dat.k85.cnf,1,6,"[('glucose_2', 1729.0447058823531), ('RestartSAT_B95', 1613.7750588235294), ('SAT09referencesolverprecosat_236', 1556.1402352941177)]"
./SAT11/application/jarvisalo/smtqfbv-aigs/smtlib-qfbv-aigs-servers_slapd_a_vc149789-tseitin.cnf,1,6,"[('SAT09referencesolverprecosat_236', 1210.595), ('Lingeling_587f_fixed_', 1210.595), ('glucose_2', 0.0), ('minisathackcontrasat_2011-03-02', 1164.0336538461538), ('RestartSAT_B95', 1257.156346153846)]"
./SAT11/application/kullmann/AES/Benchmarks/32/aes_32_3_keyfind_1.cnf,1,6,"[('CryptoMiniSat_Strange-Night2-st_fixed_', 1644.823977272727), ('minisathackcontrasat_2011-03-02', 1758.2601136363635), ('MPhaseSAT64_2011-05-14_fixed_', 1588.1059090909089), ('glucose_2', 0.0)]"
./SAT09/APPLICATIONS/diagnosis/ACG-15-5p1.cnf,1,6,"[('glueminisat_2.2.5', 2625.213620689655), ('MPhaseSAT64_2011-05-14_fixed_', 2286.476379310345)]"
./SAT11/application/jarvisalo/AAAI2010-SATPlanning/aaai10-planning-ipc5-pathways-17-step21.cnf,1,6,"[('CryptoMiniSat_Strange-Night2-st_fixed_', 2604.092857142857), ('Lingeling_587f_fixed_', 2367.357142857143), ('glucose_2', -9.094947017729282e-13)]"
./SAT11/application/leberre/2dimensionalstrippacking/E04F20.cnf,1,6,"[('QuteRSat_2011-05-12_fixed_', 2457.715), ('glucose_2', 0.0), ('Lingeling_587f_fixed_', 2457.715)]"
./SAT11/application/jarvisalo/smtqfbv-aigs/smtlib-qfbv-aigs-bin_libmsrpc_vc1225336-tseitin.cnf,1,6,"[('glueminisat_2.2.5', 1061.77824), ('RestartSAT_B95', 1022.4531200000001), ('Lingeling_587f_fixed_', 943.8028800000002), ('SAT09referencesolverprecosat_236', 904.4777600000001), ('minisathackcontrasat_2011-03-02', 983.1280000000002)]"
./SAT11/application/jarvisalo/smtqfbv-aigs/smtlib-qfbv-aigs-bin_libsmbclient_vc1228502-tseitin.cnf,1,7,"[('glueminisat_2.2.5', 1061.86464), ('glucose_2', 0.0), ('RestartSAT_B95', 983.208), ('Lingeling_587f_fixed_', 983.208), ('SAT09referencesolverprecosat_236', 904.5513599999999), ('minisathackcontrasat_2011-03-02', 983.208)]"
SAT-Race-2010-CNF/hardware-verification/manolios/c10idw_i.cnf,1,7,"[('RestartSAT_B95', 1332.5866666666666), ('glucose_2', 0.0), ('minisathackminisat_psm_2011-04-01', 1332.5866666666666), ('Lingeling_587f_fixed_', 1178.8266666666666), ('SAT09referencesolverprecosat_236', 1076.32)]"
./SAT09/APPLICATIONS/bitverif/maxor/maxor128.cnf,1,7,"[('minisathackcontrasat_2011-03-02', 1734.8295121951219), ('glucose_2', 0.0), ('SAT09referencesolverprecosat_236', 1555.3643902439023), ('RestartSAT_B95', 1615.1860975609757)]"
./SAT11/application/fuhs/slp-synthesis-AES/slp-synthesis-aes-bottom23.cnf,1,7,"[('RestartSAT_B95', 1400.1086274509805), ('minisathackminisat_psm_2011-04-01', 1303.5494117647058), ('SAT09referencesolverprecosat_236', 1158.7105882352942), ('Lingeling_587f_fixed_', 1062.1513725490197)]"
SAT_RACE06/ibm-2002-21r-k95.cnf,1,7,"[('RestartSAT_B95', 1277.0134), ('minisathackminisat_psm_2011-04-01', 1326.1293), ('Lingeling_587f_fixed_', 1178.7816), ('SAT09referencesolverprecosat_236', 1129.6657)]"
./SAT11/application/jarvisalo/AAAI2010-SATPlanning/aaai10-planning-ipc5-pathways-17-step20.cnf,1,7,"[('CryptoMiniSat_Strange-Night2-st_fixed_', 2647.063064516129), ('glucose_2', 2326.206935483871)]"
./SAT09/APPLICATIONS/bitverif/maxxor/maxxor032.cnf,1,7,"[('QuteRSat_2011-05-12_fixed_', 2695.1478688524585), ('MPhaseSAT64_2011-05-14_fixed_', 2286.7921311475407)]"
./SAT11/application/fuhs/slp-synthesis-AES/slp-synthesis-aes-bottom13.cnf,1,7,"[('QuteRSat_2011-05-12_fixed_', 1300.8842105263157), ('glueminisat_2.2.5', 1257.521403508772), ('glucose_2', 0.0), ('minisathackcontrasat_2011-03-02', 1214.158596491228), ('MPhaseSAT64_2011-05-14_fixed_', 1170.7957894736842)]"
./SAT11/application/jarvisalo/AAAI2010-SATPlanning/aaai10-planning-ipc5-pipesworld-18-step15.cnf,1,7,"[('SAT09referencesolverprecosat_236', 1758.4590361445782), ('glucose_2', 0.0), ('EBGlucose_1.0', 1641.2284337349397), ('MPhaseSAT64_2011-05-14_fixed_', 1465.382530120482)]"
SAT_RACE06/velev-npe-1.0-9dlx-b71.cnf,1,7,"[('glucose_2', 2592), ('SAT09referencesolverprecosat_236', 2408)]"
./SAT09/APPLICATIONS/diagnosis/UTI-20-10p0.cnf,1,7,"[('glucose_2', 2437.115), ('QuteRSat_2011-05-12_fixed_', 2437.115)]"
./SAT02/industrial/goldberg/rand_net/rand_net70-60-10.shuffled.cnf,1,7,"[('QuteRSat_2011-05-12_fixed_', 2743.7685), ('MPhaseSAT64_2011-05-14_fixed_', 2244.9015000000004)]"
./SAT11/application/kullmann/AES/Benchmarks/64/aes_64_3_keyfind_1.cnf,1,7,"[('CryptoMiniSat_Strange-Night2-st_fixed_', 1683.464578313253), ('MPhaseSAT64_2011-05-14_fixed_', 1623.340843373494), ('glueminisat_2.2.5', 1683.464578313253), ('glucose_2', 9.094947017729282e-13)]"
./SAT11/application/manthey/traffic/traffic_kkb_unknown.cnf,1,7,"[('RestartSAT_B95', 1377.6028), ('glucose_2', 0.0), ('minisathackcontrasat_2011-03-02', 1279.2026), ('Lingeling_587f_fixed_', 1131.6023), ('SAT09referencesolverprecosat_236', 1131.6023)]"
./SAT09/APPLICATIONS/crypto/desgen/gss-14-s100.cnf,1,7,"[('QuteRSat_2011-05-12_fixed_', 1812.4763636363639), ('glucose_2', 1642.5567045454547), ('MPhaseSAT64_2011-05-14_fixed_', 1529.276931818182)]"
./SAT07/industrial/vliw_unsat_2.0/9dlx_vliw_at_b_iq7.cnf,1,7,"[('QuteRSat_2011-05-12_fixed_', 2302.054918032787), ('SAT09referencesolverprecosat_236', 2227.7950819672133)]"
./SAT09/APPLICATIONS/diagnosis/UCG-15-10p0.cnf,1,7,"[('CryptoMiniSat_Strange-Night2-st_fixed_', 2540.670967741936), ('MPhaseSAT64_2011-05-14_fixed_', 2381.879032258065)]"
./SAT11/application/leberre/2dimensionalstrippacking/E02F20.cnf,1,7,"[('QuteRSat_2011-05-12_fixed_', 2460.95), ('Lingeling_587f_fixed_', 2460.95)]"
./SAT07/industrial/anbulagan/hard-unsat/total-10-17-u.cnf,1,7,"[('QuteRSat_2011-05-12_fixed_', 2630.44064516129), ('MPhaseSAT64_2011-05-14_fixed_', 2311.5993548387096), ('glucose_2', 9.094947017729282e-13)]"
./SAT09/APPLICATIONS/bioinfo/q_query_3_L150_coli.sat.cnf,1,7,"[('glucose_2', 1661.781882352941), ('Lingeling_587f_fixed_', 1719.0847058823529), ('minisathackcontrasat_2011-03-02', 1489.8734117647057)]"
SAT_RACE06/velev-pipe-o-uns-1.1-6.cnf,1,7,"[('glueminisat_2.2.5', 2462.025), ('Lingeling_587f_fixed_', 2462.025), ('glucose_2', 0.0)]"
SAT_RACE08/cnf/manol-pipe-c6bidw_i.cnf,1,7,"[('RestartSAT_B95', 1293.4028282828283), ('minisathackcontrasat_2011-03-02', 1343.149090909091), ('Lingeling_587f_fixed_', 1193.910303030303), ('SAT09referencesolverprecosat_236', 1094.4177777777777)]"
./SAT11/application/rintanen/SATPlanning/transport-transport-three-cities-sequential-14nodes-1000size-4degree-100mindistance-4trucks-14packages-2008seed.040-NOTKNOWN.cnf,1,7,"[('glucose_2', 72.5433673469388), ('SAT09referencesolverprecosat_236', 580.3469387755101), ('Lingeling_587f_fixed_', 604.5280612244896), ('glueminisat_2.2.5', 604.5280612244896), ('minisathackminisat_psm_2011-04-01', 507.80357142857133)]"
./SAT11/application/fuhs/AProVE11/AProVE11-16.cnf,1,7,"[('CryptoMiniSat_Strange-Night2-st_fixed_', 1751.631829268293), ('glueminisat_2.2.5', 1812.0329268292685), ('MPhaseSAT64_2011-05-14_fixed_', 1389.2252439024392)]"
./SAT11/application/jarvisalo/AAAI2010-SATPlanning/aaai10-planning-ipc5-rovers-18-step12.cnf,1,7,"[('CryptoMiniSat_Strange-Night2-st_fixed_', 1622.3918181818183), ('minisathackcontrasat_2011-03-02', 1622.3918181818183), ('RestartSAT_B95', 1678.3363636363636), ('glucose_2', 0.0)]"
./SAT09/APPLICATIONS/bitverif/mulhs/mulhs016.cnf,1,7,"[('QuteRSat_2011-05-12_fixed_', 1794.1465168539328), ('CryptoMiniSat_Strange-Night2-st_fixed_', 1738.0794382022473), ('MPhaseSAT64_2011-05-14_fixed_', 1457.7440449438204)]"
./SAT07/industrial/vliw_sat_4.0/9vliw_m_9stages_iq3_C1_bug6.cnf,1,7,"[('glucose_2', 0.0), ('SAT09referencesolverprecosat_236', 1931.5655172413792), ('QuteRSat_2011-05-12_fixed_', 1802.7944827586205)]"
SAT_RACE06/velev-pipe-o-uns-1.0-7.cnf,1,7,"[('glucose_2', 2380.620967741935), ('SAT09referencesolverprecosat_236', 2539.329032258064)]"
./SAT11/application/kullmann/AES/Benchmarks/128/aes_128_3_keyfind_1.cnf,1,7,"[('RestartSAT_B95', 1760.225), ('minisathackminisat_psm_2011-04-01', 1701.5508333333332), ('SAT09referencesolverprecosat_236', 1466.8541666666665)]"
./SAT09/APPLICATIONS/diagnosis/UR-20-10p0.cnf,1,7,"[('CryptoMiniSat_Strange-Night2-st_fixed_', 2515.2290625), ('glucose_2', 2362.7909375000004)]"
./SAT09/APPLICATIONS/bitverif/maxxororand/maxxororand064.cnf,1,8,"[('RestartSAT_B95', 1303.1920588235294), ('glueminisat_2.2.5', 0.0), ('Lingeling_587f_fixed_', 1206.6593137254902), ('SAT09referencesolverprecosat_236', 1206.6593137254902), ('minisathackminisat_psm_2011-04-01', 1206.6593137254902)]"
./SAT05/industrial/maris05/DriverLog/driverlog3_v01a.renamed-as.sat05-3963.cnf,1,8,"[('CryptoMiniSat_Strange-Night2-st_fixed_', 1756.894945054945), ('MPhaseSAT64_2011-05-14_fixed_', 1647.089010989011), ('glueminisat_2.2.5', 0.0), ('Lingeling_587f_fixed_', 1592.186043956044)]"
./SAT11/application/fuhs/slp-synthesis-AES/slp-synthesis-aes-top26.cnf,1,8,"[('RestartSAT_B95', 1303.2873529411763), ('Lingeling_587f_fixed_', 1206.7475490196077), ('SAT09referencesolverprecosat_236', 1206.7475490196077), ('minisathackminisat_psm_2011-04-01', 1206.7475490196077)]"
./SAT11/application/rintanen/SATPlanning/blocks-blocks-37-1.120-NOTKNOWN.cnf,1,8,"[('SAT09referencesolverprecosat_236', 1596.743536585366), ('QuteRSat_2011-05-12_fixed_', 1541.6834146341464), ('MPhaseSAT64_2011-05-14_fixed_', 1376.503048780488)]"
./SAT09/APPLICATIONS/crypto/desgen/gss-16-s100.cnf,1,8,"[('CryptoMiniSat_Strange-Night2-st_fixed_', 1792.0287640449437), ('glueminisat_2.2.5', 0.0), ('Lingeling_587f_fixed_', 1624.0260674157303), ('MPhaseSAT64_2011-05-14_fixed_', 1568.0251685393257)]"
./SAT03/industrial/goldberg/hard_eq_check/k2mul.miter.shuffled-as.sat03-355.cnf,1,8,"[('glueminisat_2.2.5', 0.0), ('SAT09referencesolverprecosat_236', 1255.0185849056602), ('RestartSAT_B95', 1255.0185849056602), ('Lingeling_587f_fixed_', 1255.0185849056602), ('minisathackminisat_psm_2011-04-01', 1162.0542452830189)]"
./SAT03/industrial/li/li-test4/li-test4-100.shuffled-as.sat03-370.cnf,1,8,"[('glueminisat_2.2.5', 1839.3185185185184), ('minisathackminisat_psm_2011-04-01', 1594.0760493827158), ('MPhaseSAT64_2011-05-14_fixed_', 1532.7654320987654)]"
./SAT11/application/leberre/2dimensionalstrippacking/E05F18.cnf,1,8,"[('CryptoMiniSat_Strange-Night2-st_fixed_', 1708.9918604651161), ('QuteRSat_2011-05-12_fixed_', 1652.0254651162788), ('glueminisat_2.2.5', 0.0), ('MPhaseSAT64_2011-05-14_fixed_', 1538.0926744186045)]"
./SAT07/industrial/fuhs/medium/AProVE07-21.cnf,1,8,"[('QuteRSat_2011-05-12_fixed_', 1794.394606741573), ('CryptoMiniSat_Strange-Night2-st_fixed_', 1682.2449438202245), ('MPhaseSAT64_2011-05-14_fixed_', 1514.0204494382021)]"
./SAT11/application/rintanen/SATPlanning/openstacks-sequencedstrips-nonadl-nonnegated-os-sequencedstrips-p30_3.025-NOTKNOWN.cnf,1,8,"[('QuteRSat_2011-05-12_fixed_', 1682.3461538461538), ('CryptoMiniSat_Strange-Night2-st_fixed_', 1682.3461538461538), ('glucose_2', 1573.8076923076922)]"
./SAT11/application/jarvisalo/AAAI2010-SATPlanning/aaai10-planning-ipc5-pipesworld-12-step16.cnf,1,8,"[('SAT09referencesolverprecosat_236', 1806.0689655172414), ('glucose_2', 1580.3103448275863), ('MPhaseSAT64_2011-05-14_fixed_', 1523.8706896551723), ('glueminisat_2.2.5', 0.0)]"
./SAT11/application/leberre/2dimensionalstrippacking/E05F20.cnf,1,8,"[('QuteRSat_2011-05-12_fixed_', 2459.055), ('glueminisat_2.2.5', 0.0), ('Lingeling_587f_fixed_', 2459.055)]"
./SAT11/application/jarvisalo/HWMCC10-combination-timeframe-expansion/hwmcc10-timeframe-expansion-k50-pdtswvsam6x8p3-tseitin.cnf,1,8,"[('RestartSAT_B95', 1315.859702970297), ('glueminisat_2.2.5', 0.0), ('SAT09referencesolverprecosat_236', 1218.3886138613861), ('minisathackminisat_psm_2011-04-01', 1218.3886138613861), ('Lingeling_587f_fixed_', 1169.6530693069308)]"
./SAT02/industrial/goldberg/rand_net/rand_net60-40-10.shuffled.cnf,1,8,"[('glueminisat_2.2.5', 2705.968813559323), ('MPhaseSAT64_2011-05-14_fixed_', 2283.1611864406777)]"
./SAT11/application/leberre/2dimensionalstrippacking/E04N18.cnf,1,8,"[('RestartSAT_B95', 2504.7), ('QuteRSat_2011-05-12_fixed_', 2421.21)]"
./SAT02/industrial/aloul/Homer/homer17.shuffled.cnf,1,8,"[('MPhaseSAT64_2011-05-14_fixed_', 1804.0481927710844), ('CryptoMiniSat_Strange-Night2-st_fixed_', 1623.6433734939758), ('SAT09referencesolverprecosat_236', 1563.5084337349397), ('glueminisat_2.2.5', 0.0)]"
./SAT11/application/leberre/2dimensionalstrippacking/korf-15.cnf,1,8,"[('QuteRSat_2011-05-12_fixed_', 1661.1741573033705), ('glueminisat_2.2.5', 0.0), ('SAT09referencesolverprecosat_236', 1661.1741573033705), ('RestartSAT_B95', 1605.8016853932581)]"
./SAT11/application/kullmann/AES/Benchmarks/128/aes_128_2_keyfind_1.cnf,1,8,"[('CryptoMiniSat_Strange-Night2-st_fixed_', 1702.199880952381), ('glueminisat_2.2.5', 1643.5033333333333), ('MPhaseSAT64_2011-05-14_fixed_', 1584.8067857142858)]"
./SAT11/application/jarvisalo/HWMCC10-combination-timeframe-expansion/hwmcc10-timeframe-expansion-k50-bjrb07amba2andenv-tseitin.cnf,1,8,"[('glueminisat_2.2.5', 1300.993584905661), ('SAT09referencesolverprecosat_236', 1208.065471698113), ('Lingeling_587f_fixed_', 1254.5295283018866), ('QuteRSat_2011-05-12_fixed_', 1161.6014150943395)]"
./SAT11/application/manthey/traffic/traffic_r_sat.cnf,1,8,"[('glucose_2', 2519.0083333333337), ('SAT09referencesolverprecosat_236', 2356.491666666667)]"
./SAT11/application/fuhs/slp-synthesis-AES/slp-synthesis-aes-top23.cnf,1,8,"[('glueminisat_2.2.5', 0.0), ('RestartSAT_B95', 1303.7188235294116), ('Lingeling_587f_fixed_', 1207.1470588235293), ('SAT09referencesolverprecosat_236', 1207.1470588235293), ('minisathackminisat_psm_2011-04-01', 1207.1470588235293)]"
./SAT09/APPLICATIONS/diagnosis/UCG-15-10p1.cnf,1,8,"[('glueminisat_2.2.5', 2545.2775862068966), ('MPhaseSAT64_2011-05-14_fixed_', 2375.5924137931033)]"
./SAT11/application/fuhs/slp-synthesis-AES/slp-synthesis-aes-bottom22.cnf,1,8,"[('RestartSAT_B95', 1325.9184615384615), ('SAT09referencesolverprecosat_236', 1231.21), ('Lingeling_587f_fixed_', 1183.8557692307693), ('minisathackminisat_psm_2011-04-01', 1183.8557692307693)]"
SAT-Race-2010-CNF/cryptography/mizh/md5_48_3.cnf,1,8,"[('CryptoMiniSat_Strange-Night2-st_fixed_', 1638.3567073170732), ('glueminisat_2.2.5', 1820.3963414634147), ('MPhaseSAT64_2011-05-14_fixed_', 1516.996951219512)]"
./SAT07/industrial/anbulagan/hard-unsat/dated-10-17-u.cnf,1,8,"[('CryptoMiniSat_Strange-Night2-st_fixed_', 2600.681967213115), ('MPhaseSAT64_2011-05-14_fixed_', 2356.8680327868856)]"
./SAT11/application/manthey/traffic/traffic_3_uc_sat.cnf,1,8,"[('glucose_2', 1640.1287209302327), ('Lingeling_587f_fixed_', 1640.1287209302327), ('SAT09referencesolverprecosat_236', 1583.572558139535)]"
./SAT11/application/jarvisalo/HWMCC10-combination-timeframe-expansion/hwmcc10-timeframe-expansion-k50-nusmvreactorp4-tseitin.cnf,1,8,"[('CryptoMiniSat_Strange-Night2-st_fixed_', 1719.0716666666667), ('glueminisat_2.2.5', 1778.3500000000001), ('MPhaseSAT64_2011-05-14_fixed_', 1481.9583333333335)]"
./SAT11/application/manthey/traffic/traffic_f_unknown.cnf,1,8,"[('glucose_2', 1337.2827184466018), ('glueminisat_2.2.5', 9.094947017729282e-13), ('Lingeling_587f_fixed_', 1241.7625242718445), ('QuteRSat_2011-05-12_fixed_', 1194.002427184466), ('SAT09referencesolverprecosat_236', 1146.2423300970872)]"
./SAT05/industrial/grieu05/vmpc/vmpc_35.renamed-as.sat05-1921.cnf,1,8,"[('QuteRSat_2011-05-12_fixed_', 2627.1573333333336), ('MPhaseSAT64_2011-05-14_fixed_', 2298.762666666667)]"
./SAT11/application/jarvisalo/smtqfbv-aigs/smtlib-qfbv-aigs-ext_con_032_008_0256-tseitin.cnf,1,8,"[('RestartSAT_B95', 1707.1634146341462), ('QuteRSat_2011-05-12_fixed_', 1585.2231707317073), ('MPhaseSAT64_2011-05-14_fixed_', 1707.1634146341462)]"
./SAT11/application/rintanen/SATPlanning/blocks-blocks-36-0.180-SAT.cnf,1,9,"[('glucose_2', 48.73124999999936), ('SAT09referencesolverprecosat_236', 1315.74375), ('QuteRSat_2011-05-12_fixed_', 1364.4750000000001), ('MPhaseSAT64_2011-05-14_fixed_', 1169.5500000000002)]"
./SAT03/industrial/goldberg/hard_eq_check/x1mul.miter.shuffled-as.sat03-359.cnf,1,9,"[('minisathackminisat_psm_2011-04-01', 1662.4915662650603), ('glucose_2', 0.0), ('RestartSAT_B95', 1721.8662650602412), ('SAT09referencesolverprecosat_236', 1543.7421686746989)]"
./SAT11/application/jarvisalo/AAAI2010-SATPlanning/aaai10-planning-ipc5-pipesworld-27-step14.cnf,1,9,"[('glucose_2', 0.0), ('SAT09referencesolverprecosat_236', 2058.13), ('QuteRSat_2011-05-12_fixed_', 2058.13)]"
./SAT09/APPLICATIONS/bioinfo/q_query_3_L70_coli.sat.cnf,1,9,"[('RestartSAT_B95', 1678.6580487804877), ('minisathackminisat_psm_2011-04-01', 1678.6580487804877), ('glucose_2', 0.0), ('Lingeling_587f_fixed_', 1558.7539024390242)]"
SAT-Race-2010-CNF/hardware-verification/velev/2dlx_ca_bp_f_liveness.cnf,1,9,"[('QuteRSat_2011-05-12_fixed_', 1716.6826744186046), ('glucose_2', 0.0), ('SAT09referencesolverprecosat_236', 1605.9289534883721), ('MPhaseSAT64_2011-05-14_fixed_', 1439.7983720930233)]"
./SAT07/industrial/anbulagan/hard-unsat/partial-5-11-u.cnf,1,9,"[('CryptoMiniSat_Strange-Night2-st_fixed_', 2597.5923809523806), ('MPhaseSAT64_2011-05-14_fixed_', 2361.447619047619), ('glucose_2', 9.094947017729282e-13)]"
./SAT07/industrial/fuhs/hard/AProVE07-01.cnf,1,9,"[('CryptoMiniSat_Strange-Night2-st_fixed_', 2654.1580645161293), ('MPhaseSAT64_2011-05-14_fixed_', 2332.441935483871)]"
./SAT03/industrial/schuppan/l2s/valves-gates-1-k617-unsat.shuffled-as.sat03-412.cnf,1,9,"[('minisathackcontrasat_2011-03-02', 1607.0776470588235), ('RestartSAT_B95', 1607.0776470588235), ('glucose_2', 0.0), ('SAT09referencesolverprecosat_236', 1496.244705882353)]"
./SAT11/application/jarvisalo/HWMCC10-combination-timeframe-expansion/hwmcc10-timeframe-expansion-k45-pdtpmspalu-tseitin.cnf,1,9,"[('RestartSAT_B95', 1763.1534567901235), ('minisathackminisat_psm_2011-04-01', 1641.5566666666668), ('SAT09referencesolverprecosat_236', 1519.95987654321)]"
./SAT11/application/fuhs/slp-synthesis-AES/slp-synthesis-aes-top30.cnf,1,9,"[('RestartSAT_B95', 1789.5927272727272), ('glucose_2', 0.0), ('minisathackminisat_psm_2011-04-01', 1661.7646753246754), ('Lingeling_587f_fixed_', 1470.0225974025975)]"
./SAT11/application/fuhs/slp-synthesis-AES/slp-synthesis-aes-bottom14.cnf,1,9,"[('CryptoMiniSat_Strange-Night2-st_fixed_', 1736.207840909091), ('glueminisat_2.2.5', 1680.2011363636364), ('MPhaseSAT64_2011-05-14_fixed_', 1512.1810227272726)]"
SAT-Race-2010-CNF/hardware-verification/velev/1dlx_c_iq57_a.cnf,1,9,"[('glucose_2', 0.0), ('SAT09referencesolverprecosat_236', 1499.3943373493976), ('QuteRSat_2011-05-12_fixed_', 1499.3943373493976), ('MPhaseSAT64_2011-05-14_fixed_', 1292.5813253012047)]"
./SAT11/application/leberre/2dimensionalstrippacking/E02F17.cnf,1,9,"[('RestartSAT_B95', 1719.815301204819), ('glucose_2', 1719.815301204819), ('minisathackcontrasat_2011-03-02', 1482.5993975903611)]"
./SAT07/industrial/anbulagan/hard-sat/partial-10-13-s.cnf,1,9,"[('CryptoMiniSat_Strange-Night2-st_fixed_', 2582.632380952381), ('glucose_2', 0.0), ('MPhaseSAT64_2011-05-14_fixed_', 2347.847619047619)]"
./SAT09/APPLICATIONS/bitverif/countbitswegner/countbitswegner128.cnf,1,9,"[('glueminisat_2.2.5', 1837.1116666666665), ('minisathackminisat_psm_2011-04-01', 1718.5883333333331), ('MPhaseSAT64_2011-05-14_fixed_', 1422.28)]"
./SAT09/APPLICATIONS/satComp09_BioInstances/rbcl_xits_15_SAT.cnf,1,9,"[('RestartSAT_B95', 1791.7966216216219), ('minisathackcontrasat_2011-03-02', 1592.7081081081083), ('Lingeling_587f_fixed_', 1526.3452702702705)]"
SAT_RACE08/cnf/ibm-2004-23-k100.cnf,1,9,"[('RestartSAT_B95', 1734.9568292682925), ('minisathackminisat_psm_2011-04-01', 1615.3046341463414), ('SAT09referencesolverprecosat_236', 1555.4785365853656)]"
./SAT02/industrial/biere/dinphil/dp04s04.shuffled.cnf,1,9,"[('CryptoMiniSat_Strange-Night2-st_fixed_', 2657.6816129032263), ('MPhaseSAT64_2011-05-14_fixed_', 2335.5383870967744), ('glucose_2', -9.094947017729282e-13)]"
./SAT03/industrial/maris/CNF/gripper13u.shuffled-as.sat03-395.cnf,1,9,"[('CryptoMiniSat_Strange-Night2-st_fixed_', 4987.78)]"
./SAT11/application/fuhs/AProVE11/AProVE11-02.cnf,1,9,"[('RestartSAT_B95', 1729.5246341463414), ('glucose_2', 0.0), ('minisathackcontrasat_2011-03-02', 1669.8858536585367), ('SAT09referencesolverprecosat_236', 1490.969512195122)]"
./SAT11/application/jarvisalo/HWMCC10-combination-timeframe-expansion/hwmcc10-timeframe-expansion-k50-pdtvisns2p3-tseitin.cnf,1,9,"[('RestartSAT_B95', 1679.850588235294), ('glueminisat_2.2.5', 1563.9988235294118), ('minisathackcontrasat_2011-03-02', 1679.850588235294)]"
./SAT11/application/manthey/traffic/traffic_pcb_unknown.cnf,1,9,"[('RestartSAT_B95', 1715.993023255814), ('glucose_2', 0.0), ('minisathackcontrasat_2011-03-02', 1658.7932558139535), ('QuteRSat_2011-05-12_fixed_', 1544.3937209302326)]"
./SAT09/APPLICATIONS/bitverif/minandmaxor/minandmaxor016.cnf,1,9,"[('CryptoMiniSat_Strange-Night2-st_fixed_', 2614.7838095238094), ('MPhaseSAT64_2011-05-14_fixed_', 2377.0761904761903)]"
./SAT07/industrial/vliw_sat_4.0/9vliw_m_9stages_iq3_C1_bug5.cnf,1,9,"[('SAT09referencesolverprecosat_236', 1891.069649122807), ('QuteRSat_2011-05-12_fixed_', 1825.860350877193)]"
./SAT02/industrial/aloul/Homer/homer14.shuffled.cnf,1,9,"[('minisathackcir_minisat_2011-05-13_simp_', 2409.4675862068966), ('glucose_2', 2581.572413793103)]"
./SAT11/application/jarvisalo/HWMCC10-combination-timeframe-expansion/hwmcc10-timeframe-expansion-k45-pdtvisns3p02-tseitin.cnf,1,9,"[('Lingeling_587f_fixed_', 1620.4115853658536), ('glucose_2', 0.0), ('RestartSAT_B95', 1680.4268292682927), ('minisathackcontrasat_2011-03-02', 1620.4115853658536)]"
./SAT07/industrial/palacios/medium/blocks-4-ipc5-h21-unknown.cnf,1,9,"[('SAT09referencesolverprecosat_236', 2607.0532258064522), ('minisathackLR_GL_SHR_2011-03-02', 2291.0467741935486), ('glucose_2', 0.0)]"
./SAT03/industrial/goldberg/hard_eq_check/c6288mul.miter.shuffled-as.sat03-346.cnf,1,9,"[('QuteRSat_2011-05-12_fixed_', 1706.3191397849462), ('CryptoMiniSat_Strange-Night2-st_fixed_', 1706.3191397849462), ('MPhaseSAT64_2011-05-14_fixed_', 1546.3517204301074)]"
./SAT11/application/leberre/2dimensionalstrippacking/korf-17.cnf,1,9,"[('QuteRSat_2011-05-12_fixed_', 1661.0694186046512), ('RestartSAT_B95', 1718.3476744186048), ('minisathackcontrasat_2011-03-02', 1546.5129069767443)]"
./SAT07/industrial/anbulagan/hard-sat/partial-10-17-s.cnf,1,9,"[('CryptoMiniSat_Strange-Night2-st_fixed_', 2601.2782258064517), ('MPhaseSAT64_2011-05-14_fixed_', 2285.9717741935483), ('glucose_2', 0.0)]"
