bool/routing/s3-3-3-3.xml,1,2,"[(u'claspcnf_direct', 922.4341025641027), (u'claspcnf_support', 922.4341025641027), (u'glucose_direct', 867.0880564102564), (u'choco', -4.547473508864641e-13), (u'riss3g_direct', 461.21705128205133), (u'mistral_nj', 424.3196871794872)]"
bool/routing/s4-4-3-9.xml,1,2,"[(u'claspcnf_direct', 836.7756053811659), (u'claspcnf_support', 820.6837668161435), (u'abscon', 659.7653811659193), (u'riss3g_directorder', 643.6735426008968), (u'choco', 4.547473508864641e-13), (u'riss3g_direct', 627.5817040358744)]"
bool/ii/ii-8b1.xml,1,2,"[(u'claspcnf_direct', 3596.011), (u'choco', 0.0)]"
bool/ii/ii-32b1.xml,1,2,"[(u'claspcnf_support', 797.5551456310678), (u'cryptominisat_support', 728.2025242718446), (u'claspcnf_direct', 745.5406796116504), (u'riss3g_direct', 676.1880582524271), (u'abscon', 624.1735922330097)]"
bool/ii/ii-8d2.xml,1,2,"[(u'claspcnf_direct', 1792.1325), (u'lingeling_support', 1792.1325), (u'choco', 0.0)]"
bool/mps/mps-neos18.xml,1,2,"[(u'claspcnf_support', 933.7869791666668), (u'claspcnf_directorder', 896.4355), (u'claspcnf_direct', 877.7597604166667), (u'riss3g_direct', 877.7597604166667)]"
bool/mps/mps-opt1217.xml,1,2,"[(u'abscon', 1166.3979365079365), (u'choco', 1109.500476190476), (u'gecode', 568.9746031746031), (u'riss3g_directorder', 426.7309523809524), (u'glucose_directorder', 312.93603174603174)]"
bool/mps/mps-l152lav.xml,1,2,"[(u'abscon', 1111.3046746031746), (u'choco', 1057.09469047619), (u'gecode', 542.0998412698412), (u'riss3g_directorder', 406.5748809523809), (u'glucose_directorder', 298.15491269841266)]"
bool/mps/mps-lseu.xml,1,2,"[(u'abscon', 1166.1594206349207), (u'choco', 1109.2735952380951), (u'gecode', 568.858253968254), (u'riss3g_directorder', 426.6436904761905), (u'glucose_directorder', 312.8720396825397)]"
bool/mps/mps-pipex.xml,1,2,"[(u'abscon', 1068.83136), (u'choco', 1042.1105760000005), (u'gecode', 534.41568), (u'riss3g_directorder', 400.81176), (u'glucose_directorder', 293.92862399999996)]"
bool/mps/mps-mzzv42z.xml,1,2,"[(u'abscon', 1131.8014206349205), (u'choco', 1076.5915952380956), (u'gecode', 552.098253968254), (u'riss3g_directorder', 414.07369047619045), (u'glucose_directorder', 303.6540396825397)]"
bool/logic-synthesis/prom2-pi.xml,1,2,"[(u'claspcnf_support', 914.9009032258066), (u'claspcnf_direct', 898.5633870967742), (u'minisat22_direct', 865.8883548387098), (u'lingeling_directorder', 865.8883548387098), (u'choco', 0.0)]"
bool/logic-synthesis/9symml.xml,1,2,"[(u'claspcnf_direct', 910.9148363636364), (u'claspcnf_support', 910.9148363636364), (u'minisat22_direct', 878.3821636363635), (u'lingeling_directorder', 878.3821636363635)]"
bool/uclid/ooo-rf7.xml,1,2,"[(u'glucose_directorder', 1178.9100384615385), (u'cryptominisat_direct', 1078.5772692307692), (u'abscon', 1003.3276923076924)]"
bool/uclid/22s-smv.xml,1,2,"[(u'abscon', 1157.5435634920636), (u'choco', 1101.0780238095233), (u'gecode', 564.6553968253968), (u'riss3g_directorder', 423.49154761904765), (u'glucose_directorder', 310.5604682539683)]"
bool/uclid/ooo-rf6.xml,1,2,"[(u'glucose_support', 1213.948656716418), (u'glucose_directorder', 1163.3674626865673), (u'abscon', 1011.6238805970149)]"
bool/uclid/43s-smv.xml,1,2,"[(u'abscon', 1161.2895317460316), (u'choco', 1104.641261904762), (u'gecode', 566.4826984126984), (u'riss3g_directorder', 424.86202380952375), (u'glucose_directorder', 311.5654841269841)]"
bool/uclid/elf-rf8.xml,1,2,"[(u'glucose_directorder', 1026.4541317829455), (u'cryptominisat_direct', 917.2568837209301), (u'abscon', 873.5779844961239), (u'choco', 0.0)]"
bool/uclid/elf-rf7.xml,1,2,"[(u'glucose_directorder', 931.7184311377246), (u'glucose_support', 850.6994371257485), (u'cryptominisat_direct', 830.4446886227545), (u'abscon', 769.6804431137724)]"
bool/fpga/fpga-20-18.xml,1,2,"[(u'claspcnf_support', 921.4764036697247), (u'claspcnf_direct', 905.0214678899082), (u'cryptominisat_support', 905.0214678899082), (u'lingeling_directorder', 855.6566605504587), (u'choco', 0.0)]"
bool/fpga/fpga-40-38.xml,1,2,"[(u'claspcnf_support', 1082.2527586206895), (u'claspcnf_direct', 1060.6077034482757), (u'claspcnf_directorder', 995.6725379310344)]"
bool/fpga/fpga-15-15.xml,1,2,"[(u'claspcnf_support', 1041.0117102272727), (u'claspcnf_direct', 1020.599715909091), (u'glucose_direct', 1000.1877215909091), (u'riss3g_directorder', 530.7118522727272)]"
bool/fpga/fpga-15-13.xml,1,2,"[(u'claspcnf_direct', 966.1645161290323), (u'claspcnf_support', 966.1645161290323), (u'glucose_direct', 908.1946451612904), (u'choco', -4.547473508864641e-13), (u'riss3g_direct', 405.7890967741936), (u'mistral_nj', 347.81922580645164)]"
bool/fpga/fpga-20-19.xml,1,2,"[(u'claspcnf_direct', 912.025418181818), (u'claspcnf_support', 912.025418181818), (u'minisat22_direct', 879.4530818181818), (u'lingeling_directorder', 879.4530818181818)]"
bool/mpsReduced/mps-red-misc03.xml,1,2,"[(u'abscon', 1165.7442142857142), (u'choco', 1108.878642857143), (u'gecode', 568.6557142857143), (u'riss3g_directorder', 426.4917857142857), (u'glucose_directorder', 312.76064285714284)]"
bool/mpsReduced/mps-red-neos20.xml,1,2,"[(u'abscon', 1154.2267936507935), (u'choco', 1097.923047619048), (u'gecode', 563.0374603174603), (u'riss3g_directorder', 422.2780952380952), (u'glucose_directorder', 309.6706031746032)]"
bool/mpsReduced/mps-red-qnet1.xml,1,2,"[(u'abscon', 1163.4283650793652), (u'choco', 1106.675761904762), (u'gecode', 567.5260317460318), (u'riss3g_directorder', 425.64452380952383), (u'glucose_directorder', 312.1393174603175)]"
bool/mpsReduced/mps-red-recipe.xml,1,2,"[(u'abscon', 1146.013777777778), (u'choco', 1090.1106666666667), (u'gecode', 559.0311111111112), (u'riss3g_directorder', 419.27333333333337), (u'glucose_directorder', 307.46711111111114)]"
bool/mpsReduced/mps-red-ran14x18.xml,1,2,"[(u'minisat22_support', 1070.7343103448277), (u'cryptominisat_directorder', 949.0599568965519), (u'abscon', 803.0507327586208)]"
bool/mpsReduced/mps-red-fiber.xml,1,2,"[(u'abscon', 1163.9499761904763), (u'choco', 1107.1719285714287), (u'gecode', 567.7804761904762), (u'riss3g_directorder', 425.83535714285716), (u'glucose_directorder', 312.2792619047619)]"
bool/mpsReduced/mps-red-bell4.xml,1,2,"[(u'abscon', 1164.4403492063493), (u'choco', 1107.6383809523809), (u'gecode', 568.0196825396825), (u'riss3g_directorder', 426.01476190476194), (u'glucose_directorder', 312.41082539682543)]"
bool/mpsReduced/mps-red-agg2.xml,1,2,"[(u'abscon', 1040.94272), (u'choco', 1014.919152), (u'gecode', 520.47136), (u'riss3g_directorder', 390.35352), (u'glucose_directorder', 286.259248)]"
bool/mpsReduced/mps-red-bell3a.xml,1,2,"[(u'abscon', 1164.1191825396825), (u'choco', 1107.332880952381), (u'gecode', 567.8630158730159), (u'riss3g_directorder', 425.8972619047619), (u'glucose_directorder', 312.3246587301587)]"
bool/mpsReduced/mps-red-ran10x12.xml,1,2,"[(u'minisat22_support', 951.2858040540541), (u'lingeling_direct', 862.7941013513514), (u'cryptominisat_direct', 818.54825), (u'abscon', 641.5648445945947), (u'choco', 0.0)]"
bool/circuits/c8.xml,1,2,"[(u'claspcnf_support', 1705.4562711864405), (u'riss3g_directorder', 1005.0010169491525), (u'riss3g_direct', 883.1827118644068)]"
bool/ppp/ppp-1-11-19-21.xml,1,2,"[(u'lingeling_support', 1835.6870204081633), (u'abscon', 1495.7449795918367), (u'choco', 0.0)]"
bool/ppp/ppp-1-12-16.xml,1,2,"[(u'lingeling_support', 1829.4307346938774), (u'abscon', 1490.6472653061223), (u'choco', 4.547473508864641e-13)]"
bool/jnh/jnh-213.xml,1,2,"[(u'claspcnf_support', 844.9036222222222), (u'claspcnf_direct', 828.9620444444445), (u'abscon', 669.5462666666667), (u'riss3g_direct', 621.7215333333334), (u'riss3g_directorder', 621.7215333333334)]"
bool/pseudoGLB/normalized-blast-tlan3-ucl.xml,1,2,"[(u'abscon', 1150.5117380952381), (u'choco', 1094.3892142857144), (u'gecode', 561.2252380952382), (u'riss3g_directorder', 420.9189285714286), (u'glucose_directorder', 308.67388095238096)]"
bool/pseudoGLB/normalized-t3002-11tsp11-1900554067.xml,1,2,"[(u'lingeling_directorder', 1110.3442751677853), (u'lingeling_support', 1087.684187919463), (u'glucose_directorder', 1178.3245369127517), (u'choco', 0.0)]"
bool/pseudoGLB/normalized-chnl30-31-pb-cnf-cr.xml,1,2,"[(u'claspcnf_support', 932.0848958333335), (u'claspcnf_directorder', 894.8015), (u'claspcnf_direct', 876.1598020833334), (u'riss3g_direct', 876.1598020833334), (u'choco', 0.0)]"
bool/pseudoGLB/normalized-t3002-11tsp11-1900557362.xml,1,2,"[(u'abscon', 1912.1948936170213), (u'lingeling_direct', 1479.2451063829787), (u'choco', 0.0)]"
bool/pseudoGLB/normalized-t2001-13queen13-1111213670.xml,1,2,"[(u'choco', 1195.4941418918918), (u'abscon', 1082.7116756756757), (u'claspcnf_direct', 1060.1551824324324)]"
bool/pseudoGLB/normalized-t3002-11tsp11-1900670675.xml,1,2,"[(u'abscon', 1232.2348450704226), (u'lingeling_directorder', 1090.0539014084507), (u'claspcnf_directorder', 1042.6602535211268)]"
bool/pseudoGLB/normalized-cache-inv12-ucl.xml,1,2,"[(u'lingeling_support', 1787.0408865979382), (u'abscon', 1483.5811134020619)]"
bool/pseudoGLB/normalized-t3002-11tsp11-1900669797.xml,1,2,"[(u'abscon', 1265.2647536231884), (u'lingeling_directorder', 1046.276623188406), (u'claspcnf_directorder', 1046.276623188406)]"
bool/pseudoGLB/normalized-t3002-11tsp11-1900564281.xml,1,2,"[(u'abscon', 1253.512739130435), (u'lingeling_directorder', 1106.040652173913), (u'cryptominisat_support', 1032.3046086956522)]"
bool/pseudoGLB/normalized-t2001-13queen13-1111220546.xml,1,2,"[(u'choco', 1749.1596116504859), (u'abscon', 1587.2003883495145)]"
bool/pseudoGLB/normalized-fpga35-35-sat-pb-cnf-cr.xml,1,2,"[(u'claspcnf_support', 867.7720615384616), (u'claspcnf_directorder', 833.7417846153846), (u'riss3g_direct', 816.7266461538462), (u'claspcnf_direct', 799.7115076923078)]"
bool/pseudoGLB/normalized-pigeon-cardinality-51-50.xml,1,2,"[(u'claspcnf_support', 794.0297647058823), (u'minisat22_direct', 737.3133529411764), (u'choco', 0.0), (u'glucose_support', 699.5024117647058), (u'abscon', 680.5969411764705), (u'riss3g_direct', 623.8805294117647)]"
bool/pseudoGLB/normalized-t3002-11tsp11-1900571761.xml,1,2,"[(u'abscon', 1916.613063829787), (u'lingeling_direct', 1482.6629361702126), (u'choco', 0.0)]"
bool/pseudoGLB/normalized-t3002-11tsp11-1900547461.xml,1,2,"[(u'abscon', 1873.5040860215054), (u'lingeling_direct', 1477.1859139784947)]"
bool/pseudoGLB/normalized-fpga45-45-sat-pb-cnf-cr.xml,1,2,"[(u'claspcnf_directorder', 924.6286258503401), (u'minisat22_support', 872.291156462585), (u'abscon', 767.6162176870748)]"
bool/pseudoGLB/normalized-chnl30-35-pb-cnf-cr.xml,1,2,"[(u'claspcnf_support', 922.4840578947369), (u'riss3g_direct', 884.831647368421), (u'claspcnf_directorder', 884.831647368421), (u'claspcnf_direct', 884.831647368421)]"
bool/pseudoGLB/normalized-ppp:1-11-19-21.xml,1,2,"[(u'lingeling_support', 1853.8728979591838), (u'abscon', 1510.5631020408164), (u'choco', 0.0)]"
bool/pseudoGLB/normalized-pigeon-clauses-91-90.xml,1,2,"[(u'abscon', 1092.8221349206349), (u'choco', 1039.513738095238), (u'gecode', 533.0839682539682), (u'riss3g_directorder', 399.8129761904762), (u'glucose_directorder', 293.1961825396825)]"
bool/pseudoGLB/normalized-t3002-11tsp11-1900584106.xml,1,2,"[(u'abscon', 1907.3267872340427), (u'lingeling_direct', 1475.4792127659575)]"
bool/pseudoGLB/normalized-reduced-prob6.xml,1,2,"[(u'abscon', 1165.909515873016), (u'choco', 1109.0358809523807), (u'gecode', 568.7363492063492), (u'riss3g_directorder', 426.55226190476196), (u'glucose_directorder', 312.8049920634921)]"
bool/pseudoGLB/normalized-37s-smv.xml,1,2,"[(u'glucose_directorder', 911.7464049079754), (u'lingeling_direct', 891.0248957055214), (u'lingeling_directorder', 849.5818773006134), (u'abscon', 725.2528220858895)]"
bool/pseudoGLB/normalized-elf-rf8-ucl.xml,1,2,"[(u'minisat22_support', 819.9855945945945), (u'cryptominisat_direct', 724.6384324324324), (u'lingeling_direct', 743.7078648648649), (u'abscon', 533.9441081081081), (u'choco', 0.0)]"
bool/pseudoGLB/normalized-chnl50-55-pb-cnf-cr.xml,1,2,"[(u'claspcnf_support', 755.7593924731183), (u'minisat22_direct', 718.8930806451614), (u'glucose_support', 682.0267688172044), (u'abscon', 663.5936129032259), (u'riss3g_direct', 608.2941451612903)]"
bool/pseudoGLB/normalized-t3002-11tsp11-1900567985.xml,1,2,"[(u'abscon', 1096.9806527777778), (u'glucose_directorder', 1190.3407083333334), (u'claspcnf_directorder', 1073.640638888889)]"
bool/pseudoGLB/normalized-t3002-11tsp11-1900564824.xml,1,2,"[(u'abscon', 1877.3280631578948), (u'lingeling_direct', 1487.6939368421054), (u'choco', 0.0)]"
bool/pseudoGLB/normalized-reduced-prob7.xml,1,2,"[(u'abscon', 1166.0796984126985), (u'choco', 1109.1977619047618), (u'gecode', 568.8193650793651), (u'riss3g_directorder', 426.6145238095238), (u'glucose_directorder', 312.8506507936508)]"
bool/pseudoGLB/normalized-t3002-11tsp11-1900553812.xml,1,2,"[(u'abscon', 1909.8831914893617), (u'lingeling_direct', 1477.4568085106382), (u'choco', 0.0)]"
bool/pseudoGLB/normalized-t2001-13queen13-1110967327.xml,1,2,"[(u'choco', 1200.8428137931035), (u'abscon', 1108.4702896551726), (u'claspcnf_directorder', 1039.190896551724)]"
bool/pseudoGLB/normalized-t2001-13queen13-1111224255.xml,1,2,"[(u'choco', 1183.358206666667), (u'abscon', 1116.3756666666666), (u'claspcnf_direct', 1049.3931266666666)]"
bool/pseudoGLB/normalized-chnl35-36-pb-cnf-cr.xml,1,2,"[(u'claspcnf_support', 966.1825084745761), (u'riss3g_direct', 845.4096949152541), (u'claspcnf_direct', 885.6672994350281), (u'claspcnf_directorder', 865.5384971751412)]"
bool/pseudoGLB/normalized-pigeon-clauses-25-20.xml,1,2,"[(u'claspcnf_support', 1327.1016739130434), (u'glucose_direct', 1249.0368695652173), (u'abscon', 1014.8424565217391)]"
bool/pseudoGLB/normalized-t2001-13queen13-1110970631.xml,1,2,"[(u'choco', 1208.4014520547946), (u'abscon', 1094.4013150684932), (u'claspcnf_directorder', 1026.0012328767125)]"
bool/niklas/p0282.xml,1,2,"[(u'abscon', 1006.2652800000001), (u'choco', 981.1086480000001), (u'gecode', 503.13264000000004), (u'riss3g_directorder', 377.34948), (u'glucose_directorder', 276.722952)]"
bool/aim/aim-200-6-0-1.xml,1,2,"[(u'claspcnf_direct', 1205.875905882353), (u'claspcnf_support', 1205.875905882353), (u'lingeling_support', 1184.7201882352942), (u'choco', 0.0)]"
bool/aim/aim-100-6-0-3.xml,1,2,"[(u'claspcnf_direct', 1206.4026529411765), (u'claspcnf_support', 1206.4026529411765), (u'lingeling_support', 1185.2376941176472), (u'choco', -4.547473508864641e-13)]"
bool/aim/aim-200-2-0-4.xml,1,2,"[(u'claspcnf_direct', 1205.9533588235295), (u'claspcnf_support', 1205.9533588235295), (u'lingeling_support', 1184.7962823529413)]"
bool/aim/aim-100-2-0-2.xml,1,2,"[(u'claspcnf_direct', 1206.4261235294118), (u'claspcnf_support', 1206.4261235294118), (u'lingeling_support', 1185.2607529411764), (u'choco', -4.547473508864641e-13)]"
bool/aim/aim-50-3-4-4.xml,1,2,"[(u'claspcnf_direct', 1235.675873493976), (u'abscon', 1192.318825301205), (u'choco', 1170.6403012048195)]"
bool/aim/aim-200-2-0-3.xml,1,2,"[(u'claspcnf_direct', 1205.9798470588235), (u'claspcnf_support', 1205.9798470588235), (u'lingeling_support', 1184.8223058823528)]"
bool/aim/aim-50-6-0-3.xml,1,2,"[(u'claspcnf_direct', 1206.5656058823529), (u'claspcnf_support', 1206.5656058823529), (u'abscon', 1185.397788235294)]"
bool/radar/radar-10-10-4.5-0.95-98.xml,1,2,"[(u'claspcnf_direct', 961.9633689839573), (u'claspcnf_support', 961.9633689839573), (u'glucose_direct', 904.2455668449198), (u'riss3g_direct', 423.2638823529412), (u'mistral_nj', 346.3068128342246)]"
bool/chnl/chnl-30-40.xml,1,2,"[(u'claspcnf_support', 1236.682693877551), (u'claspcnf_direct', 1212.434013605442), (u'claspcnf_directorder', 1115.4392925170068)]"
bool/chnl/chnl-40-50.xml,1,2,"[(u'claspcnf_support', 657.3500209205021), (u'minisat22_direct', 598.9189079497908), (u'cryptominisat_support', 584.311129707113), (u'claspcnf_direct', 584.311129707113), (u'riss3g_direct', 540.4877949790795), (u'abscon', 525.8800167364017), (u'choco', 0.0)]"
real/fapp26-30/fapp28/fapp28-2800-10.xml,1,2,"[(u'abscon', 1027.68832), (u'choco', 1001.9961119999999), (u'gecode', 513.84416), (u'riss3g_directorder', 385.38311999999996), (u'glucose_directorder', 282.614288)]"
real/fapp26-30/fapp30/fapp30-3000-1.xml,1,2,"[(u'abscon', 848.1734399999999), (u'choco', 826.9691039999999), (u'gecode', 424.08671999999996), (u'riss3g_directorder', 318.06503999999995), (u'glucose_directorder', 233.24769599999996)]"
real/fapp26-30/fapp30/fapp30-3000-8.xml,1,2,"[(u'abscon', 847.49664), (u'choco', 826.3092239999995), (u'gecode', 423.74832), (u'riss3g_directorder', 317.81124), (u'glucose_directorder', 233.061576)]"
real/fapp26-30/fapp27/fapp27-2550-3.xml,1,2,"[(u'abscon', 1150.896031746032), (u'choco', 1094.754761904762), (u'gecode', 561.4126984126984), (u'riss3g_directorder', 421.05952380952385), (u'glucose_directorder', 308.77698412698413)]"
real/fapp26-30/fapp29/fapp29-2900-0.xml,1,2,"[(u'abscon', 954.76288), (u'choco', 930.8938079999999), (u'gecode', 477.38144), (u'riss3g_directorder', 358.03607999999997), (u'glucose_directorder', 262.559792)]"
real/fapp26-30/fapp29/fapp29-2900-6.xml,1,2,"[(u'abscon', 932.4902400000001), (u'choco', 909.177984), (u'gecode', 466.24512000000004), (u'riss3g_directorder', 349.68384000000003), (u'glucose_directorder', 256.434816)]"
real/rlfapScens/scen4.xml,1,2,"[(u'abscon', 1165.3436507936508), (u'choco', 1108.497619047619), (u'gecode', 568.4603174603175), (u'riss3g_directorder', 426.34523809523813), (u'glucose_directorder', 312.6531746031746)]"
real/rlfapScens/scen7.xml,1,2,"[(u'abscon', 1165.8714444444445), (u'choco', 1108.9996666666666), (u'gecode', 568.7177777777778), (u'riss3g_directorder', 426.53833333333336), (u'glucose_directorder', 312.79477777777777)]"
real/rlfapGraphs/graph1.xml,1,2,"[(u'abscon', 1166.395984126984), (u'choco', 1109.498619047619), (u'gecode', 568.9736507936508), (u'riss3g_directorder', 426.7302380952381), (u'glucose_directorder', 312.9355079365079)]"
real/rlfapGraphs/graph12.xml,1,2,"[(u'abscon', 1165.4236984126983), (u'choco', 1108.5737619047618), (u'gecode', 568.499365079365), (u'riss3g_directorder', 426.3745238095238), (u'glucose_directorder', 312.67465079365076)]"
real/rlfapGraphs/graph6.xml,1,2,"[(u'abscon', 1165.507), (u'choco', 1108.653), (u'gecode', 568.54), (u'riss3g_directorder', 426.405), (u'glucose_directorder', 312.697)]"
real/rlfapGraphs/graph5.xml,1,2,"[(u'abscon', 1166.4705), (u'choco', 1109.5694999999998), (u'gecode', 569.01), (u'riss3g_directorder', 426.7575), (u'glucose_directorder', 312.9555)]"
real/cabinet/cabinet-5579.xml,1,2,"[(u'abscon', 1166.1083333333333), (u'choco', 1109.225), (u'gecode', 568.8333333333334), (u'riss3g_directorder', 426.625), (u'glucose_directorder', 312.85833333333335)]"
real/cabinet/cabinet-5564.xml,1,2,"[(u'abscon', 1166.4164841269842), (u'choco', 1109.5181190476192), (u'gecode', 568.9836507936509), (u'riss3g_directorder', 426.7377380952381), (u'glucose_directorder', 312.94100793650796)]"
real/test01-04/test03/test03-0400-7.xml,1,2,"[(u'abscon', 1160.3022777777776), (u'choco', 1103.7021666666665), (u'gecode', 566.0011111111111), (u'riss3g_directorder', 424.5008333333333), (u'glucose_directorder', 311.3006111111111)]"
real/test01-04/test01/test01-0150-7.xml,1,2,"[(u'abscon', 1163.9561587301587), (u'choco', 1107.1778095238094), (u'gecode', 567.7834920634921), (u'riss3g_directorder', 425.83761904761906), (u'glucose_directorder', 312.2809206349206)]"
real/fapp36-40/fapp39/fapp39-2750-2.xml,1,2,"[(u'abscon', 1110.2321666666667), (u'choco', 1056.0745), (u'gecode', 541.5766666666666), (u'riss3g_directorder', 406.1825), (u'glucose_directorder', 297.86716666666666)]"
real/fapp36-40/fapp36/fapp36-2000-0.xml,1,2,"[(u'abscon', 1120.8954206349206), (u'choco', 1066.2175952380953), (u'gecode', 546.7782539682539), (u'riss3g_directorder', 410.0836904761905), (u'glucose_directorder', 300.7280396825397)]"
real/fapp36-40/fapp37/fapp37-2250-8.xml,1,2,"[(u'abscon', 901.14304), (u'choco', 878.614464), (u'gecode', 450.57152), (u'riss3g_directorder', 337.92864000000003), (u'glucose_directorder', 247.81433600000003)]"
real/fapp36-40/fapp40/fapp40-3000-3.xml,1,2,"[(u'abscon', 933.47552), (u'choco', 910.1386319999999), (u'gecode', 466.73776), (u'riss3g_directorder', 350.05332), (u'glucose_directorder', 256.705768)]"
real/fapp31-35/fapp32/fapp32-0550-6.xml,1,2,"[(u'abscon', 1109.4375476190476), (u'choco', 1055.3186428571428), (u'gecode', 541.1890476190476), (u'riss3g_directorder', 405.8917857142857), (u'glucose_directorder', 297.65397619047616)]"
real/fapp31-35/fapp35/fapp35-1500-3.xml,1,2,"[(u'abscon', 1065.5264), (u'choco', 1038.88824), (u'gecode', 532.7632), (u'riss3g_directorder', 399.5724), (u'glucose_directorder', 293.01976)]"
real/fapp31-35/fapp34/fapp34-0750-1.xml,1,2,"[(u'abscon', 1142.0680158730158), (u'choco', 1086.357380952381), (u'gecode', 557.1063492063493), (u'riss3g_directorder', 417.82976190476194), (u'glucose_directorder', 306.4084920634921)]"
real/fapp21-25/fapp21/fapp21-0500-5.xml,1,2,"[(u'abscon', 1162.0835), (u'choco', 1105.3965), (u'gecode', 566.87), (u'riss3g_directorder', 425.1525), (u'glucose_directorder', 311.7785)]"
real/fapp21-25/fapp21/fapp21-0500-6.xml,1,2,"[(u'abscon', 1161.9764444444445), (u'choco', 1105.2946666666667), (u'gecode', 566.8177777777778), (u'riss3g_directorder', 425.11333333333334), (u'glucose_directorder', 311.7497777777778)]"
real/fapp21-25/fapp23/fapp23-1800-8.xml,1,2,"[(u'abscon', 1045.02016), (u'choco', 1018.8946559999999), (u'gecode', 522.51008), (u'riss3g_directorder', 391.88256), (u'glucose_directorder', 287.380544)]"
real/fapp21-25/fapp22/fapp22-1750-8.xml,1,2,"[(u'abscon', 1014.69312), (u'choco', 989.325792), (u'gecode', 507.34656), (u'riss3g_directorder', 380.50992), (u'glucose_directorder', 279.040608)]"
real/fapp21-25/fapp22/fapp22-1750-5.xml,1,2,"[(u'abscon', 1014.92544), (u'choco', 989.5523039999999), (u'gecode', 507.46272), (u'riss3g_directorder', 380.59704), (u'glucose_directorder', 279.104496)]"
real/fapp21-25/fapp22/fapp22-1750-3.xml,1,2,"[(u'abscon', 1013.88416), (u'choco', 988.5370559999999), (u'gecode', 506.94208), (u'riss3g_directorder', 380.20655999999997), (u'glucose_directorder', 278.81814399999996)]"
real/fapp21-25/fapp24/fapp24-2000-9.xml,1,2,"[(u'abscon', 1115.1651825396825), (u'choco', 1060.766880952381), (u'gecode', 543.9830158730158), (u'riss3g_directorder', 407.98726190476185), (u'glucose_directorder', 299.1906587301587)]"
real/fapp21-25/fapp25/fapp25-2230-6.xml,1,2,"[(u'abscon', 1137.2322936507937), (u'choco', 1081.7575476190477), (u'gecode', 554.7474603174603), (u'riss3g_directorder', 416.0605952380953), (u'glucose_directorder', 305.1111031746032)]"
real/rlfapGraphsMod/graph9-f9.xml,1,2,"[(u'abscon', 1164.7120555555555), (u'choco', 1107.8968333333332), (u'gecode', 568.1522222222222), (u'riss3g_directorder', 426.1141666666666), (u'glucose_directorder', 312.4837222222222)]"
real/rlfapGraphsMod/graph8-f11.xml,1,2,"[(u'abscon', 1164.2330714285715), (u'choco', 1107.4412142857143), (u'gecode', 567.9185714285715), (u'riss3g_directorder', 425.9389285714286), (u'glucose_directorder', 312.3552142857143)]"
real/rlfapGraphsMod/graph2-f25.xml,1,2,"[(u'abscon', 1166.0292619047618), (u'choco', 1109.1497857142856), (u'gecode', 568.7947619047619), (u'riss3g_directorder', 426.5960714285714), (u'glucose_directorder', 312.83711904761907)]"
real/rlfapGraphsMod/graph13-w1.xml,1,2,"[(u'abscon', 1166.186753968254), (u'choco', 1109.2995952380952), (u'gecode', 568.8715873015873), (u'riss3g_directorder', 426.6536904761905), (u'glucose_directorder', 312.879373015873)]"
real/fapp01-05/fapp05/fapp05-0350-7.xml,1,2,"[(u'abscon', 1158.3938253968254), (u'choco', 1101.8868095238095), (u'gecode', 565.0701587301587), (u'riss3g_directorder', 423.80261904761903), (u'glucose_directorder', 310.7885873015873)]"
real/fapp01-05/fapp05/fapp05-0350-9.xml,1,2,"[(u'abscon', 1159.1916984126983), (u'choco', 1102.645761904762), (u'gecode', 565.459365079365), (u'riss3g_directorder', 424.09452380952376), (u'glucose_directorder', 311.0026507936508)]"
real/fapp01-05/fapp05/fapp05-0350-4.xml,1,2,"[(u'abscon', 1158.460857142857), (u'choco', 1101.9505714285715), (u'gecode', 565.1028571428571), (u'riss3g_directorder', 423.82714285714286), (u'glucose_directorder', 310.80657142857143)]"
real/fapp01-05/fapp03/fapp03-0300-0.xml,1,2,"[(u'abscon', 1160.937777777778), (u'choco', 1104.3066666666668), (u'gecode', 566.3111111111111), (u'riss3g_directorder', 424.7333333333334), (u'glucose_directorder', 311.47111111111116)]"
real/fapp01-05/fapp01/fapp01-0200-1.xml,1,2,"[(u'abscon', 1163.4124206349206), (u'choco', 1106.6605952380953), (u'gecode', 567.5182539682539), (u'riss3g_directorder', 425.63869047619045), (u'glucose_directorder', 312.1350396825397)]"
real/fapp01-05/fapp01/fapp01-0200-10.xml,1,2,"[(u'abscon', 1163.9789365079366), (u'choco', 1107.1994761904762), (u'gecode', 567.7946031746033), (u'riss3g_directorder', 425.8459523809524), (u'glucose_directorder', 312.28703174603174)]"
real/fapp01-05/fapp04/fapp04-0300-7.xml,1,2,"[(u'abscon', 1160.9634841269842), (u'choco', 1104.331119047619), (u'gecode', 566.3236507936508), (u'riss3g_directorder', 424.7427380952381), (u'glucose_directorder', 311.47800793650794)]"
real/fapp16-20/fapp17/fapp17-0300-6.xml,1,2,"[(u'abscon', 1160.7789841269841), (u'choco', 1104.155619047619), (u'gecode', 566.2336507936508), (u'riss3g_directorder', 424.6752380952381), (u'glucose_directorder', 311.4285079365079)]"
real/fapp16-20/fapp19/fapp19-0350-4.xml,1,2,"[(u'abscon', 1143.8921904761905), (u'choco', 1088.0925714285715), (u'gecode', 557.9961904761906), (u'riss3g_directorder', 418.4971428571429), (u'glucose_directorder', 306.8979047619048)]"
real/fapp16-20/fapp20/fapp20-0420-2.xml,1,2,"[(u'abscon', 1159.2287936507937), (u'choco', 1102.6810476190476), (u'gecode', 565.4774603174603), (u'riss3g_directorder', 424.10809523809525), (u'glucose_directorder', 311.01260317460316)]"
real/bmc/bmc-ibm-05-04.xml,1,2,"[(u'lingeling_support', 1454.1392142857142), (u'glucose_directorder', 1403.1167857142857), (u'choco', 0.0)]"
real/bmc/bmc-ibm-07-16.xml,1,2,"[(u'abscon', 1152.8435317460319), (u'choco', 1096.607261904762), (u'gecode', 562.3626984126985), (u'riss3g_directorder', 421.77202380952383), (u'glucose_directorder', 309.29948412698417)]"
real/fapp06-10/fapp08/fapp08-0700-3.xml,1,2,"[(u'abscon', 1156.7255158730159), (u'choco', 1100.299880952381), (u'gecode', 564.2563492063492), (u'riss3g_directorder', 423.1922619047619), (u'glucose_directorder', 310.3409920634921)]"
real/fapp06-10/fapp09/fapp09-0800-6.xml,1,2,"[(u'abscon', 1156.782134920635), (u'choco', 1100.353738095238), (u'gecode', 564.2839682539683), (u'riss3g_directorder', 423.2129761904762), (u'glucose_directorder', 310.35618253968255)]"
real/fapp06-10/fapp10/fapp10-0900-6.xml,1,2,"[(u'abscon', 1146.2744206349207), (u'choco', 1090.3585952380952), (u'gecode', 559.158253968254), (u'riss3g_directorder', 419.36869047619047), (u'glucose_directorder', 307.53703968253967)]"
real/fapp06-10/fapp10/fapp10-0900-4.xml,1,2,"[(u'abscon', 1150.1167063492064), (u'choco', 1094.0134523809525), (u'gecode', 561.0325396825398), (u'riss3g_directorder', 420.7744047619048), (u'glucose_directorder', 308.5678968253969)]"
real/compet08/patat-08-comp-4.xml,1,2,"[(u'minisat22_directorder', 1672.4036756756757), (u'glucose_support', 1642.5393243243243)]"
real/rlfapScensMod/scen9-w1-f3.xml,1,2,"[(u'abscon', 1165.9739444444444), (u'choco', 1109.0971666666667), (u'gecode', 568.7677777777778), (u'riss3g_directorder', 426.5758333333334), (u'glucose_directorder', 312.8222777777778)]"
real/rlfapScensMod/scen6-w1-f2.xml,1,2,"[(u'abscon', 1166.0757936507937), (u'choco', 1109.1940476190478), (u'gecode', 568.8174603174604), (u'riss3g_directorder', 426.61309523809524), (u'glucose_directorder', 312.8496031746032)]"
real/subs/scen06-sub2.xml,1,2,"[(u'abscon', 1166.7763730158729), (u'choco', 1109.8604523809522), (u'gecode', 569.1592063492063), (u'riss3g_directorder', 426.8694047619047), (u'glucose_directorder', 313.0375634920635)]"
real/fapp11-15/fapp13/fapp13-2000-7.xml,1,2,"[(u'abscon', 1139.7518412698412), (u'choco', 1084.1541904761905), (u'gecode', 555.9765079365079), (u'riss3g_directorder', 416.98238095238094), (u'glucose_directorder', 305.78707936507936)]"
real/fapp11-15/fapp11/fapp11-1000-7.xml,1,2,"[(u'abscon', 1141.6658253968253), (u'choco', 1085.9748095238094), (u'gecode', 556.9101587301587), (u'riss3g_directorder', 417.682619047619), (u'glucose_directorder', 306.3005873015873)]"
real/fapp11-15/fapp11/fapp11-1000-2.xml,1,2,"[(u'abscon', 1141.0495238095239), (u'choco', 1085.3885714285714), (u'gecode', 556.6095238095238), (u'riss3g_directorder', 417.45714285714286), (u'glucose_directorder', 306.1352380952381)]"
real/fapp11-15/fapp14/fapp14-2500-0.xml,1,2,"[(u'abscon', 1063.3856), (u'choco', 1036.80096), (u'gecode', 531.6928), (u'riss3g_directorder', 398.7696), (u'glucose_directorder', 292.43104)]"
patt/primes-15/primes-15-80-2-7.xml,1,2,"[(u'abscon', 1165.9641825396825), (u'choco', 1109.0878809523813), (u'gecode', 568.7630158730158), (u'riss3g_directorder', 426.5722619047619), (u'glucose_directorder', 312.8196587301587)]"
patt/primes-15/primes-15-40-3-1.xml,1,2,"[(u'abscon', 1166.1815476190475), (u'choco', 1109.294642857143), (u'gecode', 568.8690476190476), (u'riss3g_directorder', 426.65178571428567), (u'glucose_directorder', 312.87797619047615)]"
patt/primes-15/primes-15-80-3-3.xml,1,2,"[(u'abscon', 1166.3972857142858), (u'choco', 1109.499857142857), (u'gecode', 568.9742857142857), (u'riss3g_directorder', 426.73071428571427), (u'glucose_directorder', 312.9358571428571)]"
patt/primes-15/primes-15-60-2-5.xml,1,2,"[(u'abscon', 1166.468873015873), (u'choco', 1109.5679523809522), (u'gecode', 569.0092063492064), (u'riss3g_directorder', 426.7569047619047), (u'glucose_directorder', 312.95506349206346)]"
patt/mug/mug88-25-4.xml,1,2,"[(u'choco', 2471.478795180723), (u'riss3g_directorder', 1127.3412048192772)]"
patt/os-taillard-4/os-taillard-4-105-7.xml,1,2,"[(u'choco', 1707.9892727272727), (u'mistral_nj', 1531.3007272727273)]"
patt/os-taillard-4/os-taillard-4-105-2.xml,1,2,"[(u'choco', 1224.817633333333), (u'claspcnf_directorder', 1155.4883333333335), (u'cryptominisat_directorder', 1086.1590333333334)]"
patt/os-taillard-4/os-taillard-4-95-6.xml,1,2,"[(u'choco', 1520.02872), (u'lingeling_directorder', 1125.9472), (u'glucose_support', 872.60908)]"
patt/os-taillard-4/os-taillard-4-95-9.xml,1,2,"[(u'choco', 1859.5905742574257), (u'lingeling_directorder', 1435.4734257425741)]"
patt/os-taillard-4/os-taillard-4-105-8.xml,1,2,"[(u'choco', 1231.4115400000003), (u'claspcnf_directorder', 1138.47482), (u'cryptominisat_directorder', 1115.24064)]"
patt/js-taillard-15/js-taillard-15-105-5.xml,1,2,"[(u'abscon', 1104.9268968253969), (u'choco', 1051.0280238095238), (u'gecode', 538.9887301587302), (u'riss3g_directorder', 404.2415476190476), (u'glucose_directorder', 296.4438015873016)]"
patt/js-taillard-15/js-taillard-15-105-1.xml,1,2,"[(u'abscon', 1112.0374682539682), (u'choco', 1057.7917380952385), (u'gecode', 542.4573015873016), (u'riss3g_directorder', 406.84297619047624), (u'glucose_directorder', 298.3515158730159)]"
patt/js-taillard-15/js-taillard-15-105-8.xml,1,2,"[(u'abscon', 1113.0224444444443), (u'choco', 1058.7286666666666), (u'gecode', 542.9377777777778), (u'riss3g_directorder', 407.2033333333333), (u'glucose_directorder', 298.6157777777778)]"
patt/js-taillard-15/js-taillard-15-100-2.xml,1,2,"[(u'abscon', 1119.0341507936507), (u'choco', 1064.447119047619), (u'gecode', 545.8703174603174), (u'riss3g_directorder', 409.40273809523813), (u'glucose_directorder', 300.2286746031746)]"
patt/fischer/fischer-8-5-fair.xml,1,2,"[(u'abscon', 1165.1640317460317), (u'choco', 1108.326761904762), (u'gecode', 568.3726984126985), (u'riss3g_directorder', 426.2795238095238), (u'glucose_directorder', 312.60498412698416)]"
patt/fischer/fischer-5-3-fair.xml,1,2,"[(u'abscon', 1166.5804841269842), (u'choco', 1109.6741190476191), (u'gecode', 569.0636507936508), (u'riss3g_directorder', 426.7977380952381), (u'glucose_directorder', 312.98500793650794)]"
patt/fischer/fischer-4-8-fair.xml,1,2,"[(u'abscon', 1165.4598174603175), (u'choco', 1108.608119047619), (u'gecode', 568.5169841269842), (u'riss3g_directorder', 426.38773809523815), (u'glucose_directorder', 312.6843412698413)]"
patt/fischer/fischer-8-12-fair.xml,1,2,"[(u'abscon', 1162.6627063492062), (u'choco', 1105.9474523809529), (u'gecode', 567.1525396825397), (u'riss3g_directorder', 425.3644047619048), (u'glucose_directorder', 311.9338968253968)]"
patt/fischer/fischer-10-7-fair.xml,1,2,"[(u'abscon', 1163.9437936507936), (u'choco', 1107.1660476190477), (u'gecode', 567.7774603174603), (u'riss3g_directorder', 425.83309523809527), (u'glucose_directorder', 312.2776031746032)]"
patt/fischer/fischer-7-5-fair.xml,1,2,"[(u'abscon', 1165.2570952380952), (u'choco', 1108.4152857142858), (u'gecode', 568.4180952380952), (u'riss3g_directorder', 426.31357142857144), (u'glucose_directorder', 312.6299523809524)]"
patt/fischer/fischer-5-7-fair.xml,1,2,"[(u'abscon', 1165.3267301587302), (u'choco', 1108.4815238095234), (u'gecode', 568.4520634920635), (u'riss3g_directorder', 426.3390476190476), (u'glucose_directorder', 312.64863492063495)]"
patt/fischer/fischer-8-8-fair.xml,1,2,"[(u'abscon', 1163.867), (u'choco', 1107.093), (u'gecode', 567.74), (u'riss3g_directorder', 425.805), (u'glucose_directorder', 312.257)]"
patt/fischer/fischer-10-15-fair.xml,1,2,"[(u'abscon', 1159.8626666666667), (u'choco', 1103.284), (u'gecode', 565.7866666666667), (u'riss3g_directorder', 424.34000000000003), (u'glucose_directorder', 311.1826666666667)]"
patt/fischer/fischer-5-6-fair.xml,1,2,"[(u'abscon', 1165.3293333333334), (u'choco', 1108.484), (u'gecode', 568.4533333333333), (u'riss3g_directorder', 426.34), (u'glucose_directorder', 312.6493333333333)]"
patt/fischer/fischer-10-6-fair.xml,1,2,"[(u'abscon', 1164.2740714285715), (u'choco', 1107.4802142857143), (u'gecode', 567.9385714285714), (u'riss3g_directorder', 425.95392857142855), (u'glucose_directorder', 312.3662142857143)]"
patt/fischer/fischer-6-7-fair.xml,1,2,"[(u'abscon', 1164.4449047619048), (u'choco', 1107.6427142857142), (u'gecode', 568.0219047619048), (u'riss3g_directorder', 426.01642857142855), (u'glucose_directorder', 312.4120476190476)]"
patt/fischer/fischer-4-7-fair.xml,1,2,"[(u'abscon', 1165.655380952381), (u'choco', 1108.7941428571428), (u'gecode', 568.6123809523809), (u'riss3g_directorder', 426.45928571428567), (u'glucose_directorder', 312.7368095238095)]"
patt/leighton/leighton-5/lei450-05a-05.xml,1,2,"[(u'claspcnf_direct', 3515.878)]"
patt/leighton/leighton-25/lei450-25d-24.xml,1,2,"[(u'choco', 1411.24875), (u'claspcnf_support', 595.8605833333334), (u'claspcnf_direct', 595.8605833333334), (u'riss3g_directorder', 564.4995), (u'minisat22_directorder', 219.52758333333333)]"
patt/leighton/leighton-25/lei450-25a-20.xml,1,2,"[(u'choco', 3404.046)]"
patt/leighton/leighton-15/lei450-15d-10.xml,1,2,"[(u'choco', 2091.2604545454546), (u'claspcnf_support', 1316.7195454545454)]"
patt/leighton/leighton-15/lei450-15d-08.xml,1,2,"[(u'choco', 2068.54402247191), (u'claspcnf_support', 1340.7229775280898)]"
patt/bqwh-15-106_glb/bqwh-15-106-3_glb.xml,1,2,"[(u'glucose_direct', 3598.598)]"
patt/bqwh-15-106_glb/bqwh-15-106-65_glb.xml,1,2,"[(u'glucose_direct', 3598.697)]"
patt/bqwh-15-106_glb/bqwh-15-106-44_glb.xml,1,2,"[(u'claspcnf_direct', 1380.4030684931506), (u'claspcnf_support', 1380.4030684931506), (u'riss3g_directorder', 838.1018630136986)]"
patt/bqwh-15-106_glb/bqwh-15-106-94_glb.xml,1,2,"[(u'claspcnf_direct', 3598.797)]"
patt/bqwh-15-106_glb/bqwh-15-106-70_glb.xml,1,2,"[(u'claspcnf_direct', 1799.35), (u'claspcnf_support', 1799.35)]"
patt/bqwh-15-106_glb/bqwh-15-106-73_glb.xml,1,2,"[(u'glucose_direct', 3598.68)]"
patt/bqwh-15-106_glb/bqwh-15-106-8_glb.xml,1,2,"[(u'claspcnf_support', 3598.698)]"
patt/super-jobShop/super-jobShop-e0ddr1/super-jobShop-e0ddr1-7.xml,1,2,"[(u'claspcnf_directorder', 3422.571)]"
patt/super-jobShop/super-jobShop-e0ddr1/super-jobShop-e0ddr1-8.xml,1,2,"[(u'claspcnf_directorder', 1717.24), (u'minisat22_directorder', 1717.24), (u'choco', 0.0)]"
patt/super-jobShop/super-jobShop-ewddr2/super-jobShop-ewddr2-1.xml,1,2,"[(u'claspcnf_directorder', 3406.781)]"
patt/super-jobShop/super-jobShop-enddr1/super-jobShop-enddr1-6.xml,1,2,"[(u'claspcnf_directorder', 3407.681)]"
patt/super-jobShop/super-jobShop-enddr2/super-jobShop-enddr2-3.xml,1,2,"[(u'claspcnf_directorder', 3416.13), (u'choco', 0.0)]"
patt/hos/ash958GPIA-3.xml,1,2,"[(u'claspcnf_direct', 1318.2627430555556), (u'claspcnf_support', 1318.2627430555556), (u'riss3g_direct', 945.1695138888889)]"
patt/register/mulsol/mulsol-i-1-05.xml,1,2,"[(u'claspcnf_direct', 1502.526195488722), (u'lingeling_support', 1372.99807518797), (u'choco', -4.547473508864641e-13), (u'mistral_nj', 569.9237293233083)]"
patt/register/mulsol/mulsol-i-1-25.xml,1,2,"[(u'choco', 1591.5363333333335), (u'riss3g_support', 649.6066666666667), (u'claspcnf_direct', 584.646), (u'riss3g_directorder', 584.646)]"
patt/register/mulsol/mulsol-i-1-49.xml,1,2,"[(u'choco', 2384.5633333333335), (u'riss3g_directorder', 1004.0266666666666)]"
patt/register/zeroin/zeroin-i-3-15.xml,1,2,"[(u'choco', 1404.6222803738317), (u'claspcnf_direct', 606.5414392523364), (u'claspcnf_support', 574.6182056074766), (u'riss3g_directorder', 574.6182056074766), (u'minisat22_directorder', 255.3858691588785)]"
patt/register/zeroin/zeroin-i-1-20.xml,1,2,"[(u'choco', 1422.2995833333334), (u'claspcnf_support', 600.5264907407408), (u'claspcnf_direct', 600.5264907407408), (u'riss3g_directorder', 568.9198333333334), (u'minisat22_directorder', 221.2466018518519)]"
patt/register/zeroin/zeroin-i-1-35.xml,1,2,"[(u'choco', 3403.306)]"
patt/register/zeroin/zeroin-i-1-45.xml,1,2,"[(u'choco', 3387.341)]"
patt/register/fpsol/fpsol2-i-2-27.xml,1,2,"[(u'choco', 3391.449)]"
patt/register/fpsol/fpsol2-i-3-30.xml,1,2,"[(u'choco', 3383.913)]"
patt/register/fpsol/fpsol2-i-2-29.xml,1,2,"[(u'choco', 3391.758)]"
patt/register/fpsol/fpsol2-i-1-63.xml,1,2,"[(u'choco', 3216.455)]"
patt/register/inithx/inithx-i-3-10.xml,1,2,"[(u'choco', 2218.9244651162794), (u'claspcnf_support', 1188.709534883721)]"
patt/register/inithx/inithx-i-2-20.xml,1,2,"[(u'choco', 1402.7266415094339), (u'riss3g_support', 573.8427169811321), (u'riss3g_directorder', 573.8427169811321), (u'claspcnf_direct', 478.20226415094334), (u'minisat22_directorder', 350.68166037735847)]"
patt/register/inithx/inithx-i-3-29.xml,1,2,"[(u'choco', 3357.819)]"
patt/register/inithx/inithx-i-2-25.xml,1,2,"[(u'choco', 2545.9823116883117), (u'claspcnf_direct', 834.0286883116883)]"
patt/sgb/miles/miles1500-20.xml,1,2,"[(u'choco', 1705.2585), (u'claspcnf_support', 769.0381470588235), (u'riss3g_directorder', 668.7288235294118), (u'minisat22_directorder', 267.4915294117647)]"
patt/sgb/queen/queen11-11-12.xml,1,2,"[(u'claspcnf_direct', 1272.2499097222221), (u'claspcnf_support', 1200.2357638888889), (u'riss3g_direct', 984.1933263888889)]"
patt/sgb/queen/queen16-16-18.xml,1,2,"[(u'choco', 1415.4243773584906), (u'riss3g_support', 611.2059811320754), (u'riss3g_directorder', 611.2059811320754), (u'claspcnf_direct', 450.36230188679247), (u'minisat22_directorder', 321.687358490566)]"
patt/sgb/queen/queen14-14-14.xml,1,2,"[(u'choco', 1422.4295833333333), (u'claspcnf_direct', 632.190925925926), (u'claspcnf_support', 568.9718333333334), (u'riss3g_directorder', 568.9718333333334), (u'minisat22_directorder', 221.2668240740741)]"
patt/sgb/queen/queen13-13-12.xml,1,2,"[(u'choco', 1390.8425663716816), (u'claspcnf_support', 604.7141592920354), (u'claspcnf_direct', 604.7141592920354), (u'riss3g_directorder', 574.4784513274337), (u'minisat22_directorder', 241.88566371681418)]"
patt/sgb/queen/queen7-7-6.xml,1,2,"[(u'claspcnf_support', 3586.475), (u'choco', 0.0)]"
patt/sgb/queen/queen15-15-14.xml,1,2,"[(u'choco', 1422.7775000000001), (u'claspcnf_support', 600.7282777777779), (u'claspcnf_direct', 600.7282777777779), (u'riss3g_directorder', 569.111), (u'minisat22_directorder', 221.32094444444445)]"
patt/sgb/book/david-10.xml,1,2,"[(u'choco', 729.4389130434782), (u'claspcnf_support', 748.6346739130435), (u'riss3g_support', 710.243152173913), (u'minisat22_direct', 691.0473913043478), (u'abscon', 652.6558695652174)]"
patt/sgb/book/anna-5.xml,1,2,"[(u'claspcnf_support', 836.3261534090909), (u'riss3g_direct', 754.7333579545455), (u'claspcnf_direct', 754.7333579545455), (u'choco', 4.547473508864641e-13), (u'abscon', 632.3441647727273), (u'minisat22_direct', 611.9459659090909)]"
patt/school/school1-14.xml,1,2,"[(u'choco', 2085.3087954545454), (u'claspcnf_support', 1312.9722045454544)]"
patt/school/school1-nsh-15.xml,1,2,"[(u'choco', 2127.2075000000004), (u'claspcnf_support', 1276.3245000000002)]"
patt/cjss/ft06x2-55.xml,1,2,"[(u'abscon', 1170.6069444444445), (u'choco', 1113.5041666666666), (u'gecode', 571.0277777777777), (u'riss3g_directorder', 428.2708333333333), (u'glucose_directorder', 314.06527777777774)]"
patt/cjss/la03x3-590.xml,1,2,"[(u'abscon', 1170.2265555555555), (u'choco', 1113.142333333333), (u'gecode', 570.8422222222223), (u'riss3g_directorder', 428.13166666666666), (u'glucose_directorder', 313.9632222222222)]"
patt/tdsp/C4-3-60.xml,1,2,"[(u'abscon', 1170.5766825396827), (u'choco', 1113.4753809523806), (u'gecode', 571.0130158730159), (u'riss3g_directorder', 428.25976190476194), (u'glucose_directorder', 314.05715873015873)]"
patt/tdsp/C7-1-241.xml,1,2,"[(u'abscon', 1169.8520238095239), (u'choco', 1112.7860714285719), (u'gecode', 570.6595238095238), (u'riss3g_directorder', 427.9946428571429), (u'glucose_directorder', 313.8627380952381)]"
patt/tdsp/C3-3-31.xml,1,2,"[(u'abscon', 1170.5962063492063), (u'choco', 1113.4939523809524), (u'gecode', 571.0225396825397), (u'riss3g_directorder', 428.26690476190475), (u'glucose_directorder', 314.06239682539683)]"
patt/tdsp/C4-1-61.xml,1,2,"[(u'abscon', 1170.5975079365078), (u'choco', 1113.4951904761904), (u'gecode', 571.0231746031745), (u'riss3g_directorder', 428.26738095238096), (u'glucose_directorder', 314.06274603174603)]"
patt/bqwh-18-141_glb/bqwh-18-141-53_glb.xml,1,2,"[(u'glucose_direct', 3598.277), (u'choco', 0.0)]"
patt/bqwh-18-141_glb/bqwh-18-141-29_glb.xml,1,2,"[(u'glucose_direct', 3598.48), (u'choco', 0.0)]"
patt/bqwh-18-141_glb/bqwh-18-141-86_glb.xml,1,2,"[(u'claspcnf_direct', 3598.22), (u'choco', 0.0)]"
patt/bqwh-18-141_glb/bqwh-18-141-75_glb.xml,1,2,"[(u'claspcnf_directorder', 3598.529)]"
patt/bqwh-18-141_glb/bqwh-18-141-96_glb.xml,1,2,"[(u'claspcnf_direct', 3598.436), (u'choco', 0.0)]"
patt/bqwh-18-141_glb/bqwh-18-141-13_glb.xml,1,2,"[(u'glucose_direct', 3598.552)]"
patt/bqwh-18-141_glb/bqwh-18-141-68_glb.xml,1,2,"[(u'claspcnf_directorder', 3598.007), (u'choco', 0.0)]"
patt/bqwh-18-141_glb/bqwh-18-141-59_glb.xml,1,2,"[(u'claspcnf_direct', 3598.426), (u'choco', 0.0)]"
patt/bqwh-18-141_glb/bqwh-18-141-83_glb.xml,1,2,"[(u'glucose_direct', 3598.611)]"
patt/super-js/super-js-taillard-20/super-js-taillard-20-12.xml,1,2,"[(u'abscon', 1159.7699285714284), (u'choco', 1103.1957857142856), (u'gecode', 565.7414285714285), (u'riss3g_directorder', 424.3060714285714), (u'glucose_directorder', 311.1577857142857)]"
patt/super-js/super-js-taillard-20/super-js-taillard-20-27.xml,1,2,"[(u'abscon', 1161.6250158730159), (u'choco', 1104.9603809523808), (u'gecode', 566.6463492063492), (u'riss3g_directorder', 424.98476190476185), (u'glucose_directorder', 311.65549206349203)]"
patt/super-js/super-js-taillard-15/super-js-taillard-15-3.xml,1,2,"[(u'abscon', 1162.9841984126983), (u'choco', 1106.2532619047618), (u'gecode', 567.3093650793651), (u'riss3g_directorder', 425.4820238095238), (u'glucose_directorder', 312.02015079365077)]"
patt/super-js/super-js-taillard-15/super-js-taillard-15-17.xml,1,2,"[(u'abscon', 1163.4280396825397), (u'choco', 1106.675452380952), (u'gecode', 567.525873015873), (u'riss3g_directorder', 425.6444047619048), (u'glucose_directorder', 312.1392301587302)]"
patt/super-js/super-js-taillard-15/super-js-taillard-15-2.xml,1,2,"[(u'abscon', 1162.758373015873), (u'choco', 1106.0384523809528), (u'gecode', 567.1992063492063), (u'riss3g_directorder', 425.39940476190475), (u'glucose_directorder', 311.95956349206347)]"
patt/super-js/super-js-taillard-20-15/super-js-taillard-20-15-26.xml,1,2,"[(u'abscon', 1162.0594206349206), (u'choco', 1105.3735952380953), (u'gecode', 566.858253968254), (u'riss3g_directorder', 425.14369047619044), (u'glucose_directorder', 311.7720396825397)]"
patt/super-js/super-js-taillard-20-15/super-js-taillard-20-15-3.xml,1,2,"[(u'abscon', 1161.9126666666666), (u'choco', 1105.234), (u'gecode', 566.7866666666666), (u'riss3g_directorder', 425.09), (u'glucose_directorder', 311.73266666666666)]"
patt/super-js/super-js-taillard-20-15/super-js-taillard-20-15-25.xml,1,2,"[(u'abscon', 1162.4411111111112), (u'choco', 1105.7366666666667), (u'gecode', 567.0444444444445), (u'riss3g_directorder', 425.28333333333336), (u'glucose_directorder', 311.87444444444446)]"
patt/super-js/super-js-taillard-20-15/super-js-taillard-20-15-8.xml,1,2,"[(u'abscon', 1162.3770079365079), (u'choco', 1105.6756904761905), (u'gecode', 567.0131746031747), (u'riss3g_directorder', 425.25988095238097), (u'glucose_directorder', 311.85724603174606)]"
patt/super-js/super-js-taillard-20-15/super-js-taillard-20-15-18.xml,1,2,"[(u'abscon', 1162.0470555555555), (u'choco', 1105.361833333333), (u'gecode', 566.8522222222223), (u'riss3g_directorder', 425.13916666666665), (u'glucose_directorder', 311.7687222222222)]"
patt/super-js/super-js-taillard-20-15/super-js-taillard-20-15-10.xml,1,2,"[(u'abscon', 1162.4036904761904), (u'choco', 1105.7010714285718), (u'gecode', 567.0261904761904), (u'riss3g_directorder', 425.26964285714286), (u'glucose_directorder', 311.8644047619047)]"
patt/primes-30/primes-30-20-2-1.xml,1,2,"[(u'abscon', 1168.6945873015873), (u'choco', 1111.6850952380953), (u'gecode', 570.0949206349206), (u'riss3g_directorder', 427.57119047619045), (u'glucose_directorder', 313.55220634920636)]"
patt/primes-30/primes-30-60-3-1.xml,1,2,"[(u'abscon', 1166.4103015873015), (u'choco', 1109.5122380952382), (u'gecode', 568.9806349206349), (u'riss3g_directorder', 426.7354761904762), (u'glucose_directorder', 312.9393492063492)]"
patt/primes-30/primes-30-60-3-5.xml,1,2,"[(u'abscon', 1166.172761904762), (u'choco', 1109.2862857142857), (u'gecode', 568.8647619047618), (u'riss3g_directorder', 426.6485714285714), (u'glucose_directorder', 312.875619047619)]"
patt/primes-30/primes-30-80-2-5.xml,1,2,"[(u'abscon', 1166.4571587301589), (u'choco', 1109.5568095238095), (u'gecode', 569.0034920634921), (u'riss3g_directorder', 426.7526190476191), (u'glucose_directorder', 312.95192063492067)]"
patt/primes-30/primes-30-60-2-3.xml,1,2,"[(u'abscon', 1166.361492063492), (u'choco', 1109.4658095238094), (u'gecode', 568.9568253968254), (u'riss3g_directorder', 426.71761904761905), (u'glucose_directorder', 312.92625396825395)]"
patt/primes-10/primes-10-80-3-1.xml,1,2,"[(u'abscon', 1166.2313333333334), (u'choco', 1109.3419999999996), (u'gecode', 568.8933333333333), (u'riss3g_directorder', 426.67), (u'glucose_directorder', 312.8913333333333)]"
patt/primes-10/primes-10-40-3-1.xml,1,2,"[(u'abscon', 1167.9731825396825), (u'choco', 1110.9988809523804), (u'gecode', 569.7430158730158), (u'riss3g_directorder', 427.30726190476184), (u'glucose_directorder', 313.3586587301587)]"
patt/insertion/full-insertion/4-fullins-5-6.xml,1,2,"[(u'choco', 2064.267204545454), (u'claspcnf_support', 1299.7237954545453)]"
patt/insertion/full-insertion/3-fullins-5-7.xml,1,2,"[(u'choco', 2236.5477647058824), (u'claspcnf_support', 1158.2122352941178)]"
patt/insertion/full-insertion/1-fullins-5-4.xml,1,2,"[(u'claspcnf_directorder', 981.1968510638299), (u'claspcnf_support', 943.4585106382979), (u'minisat22_direct', 905.720170212766), (u'choco', 0.0), (u'abscon', 717.0284680851064)]"
patt/insertion/full-insertion/4-fullins-4-8.xml,1,2,"[(u'claspcnf_directorder', 923.2060384615384), (u'claspcnf_support', 923.2060384615384), (u'claspcnf_direct', 885.5241593406593), (u'riss3g_direct', 697.1147637362636), (u'choco', 0.0)]"
patt/insertion/full-insertion/2-fullins-5-4.xml,1,2,"[(u'claspcnf_support', 901.6682307692308), (u'claspcnf_directorder', 866.3086923076924), (u'riss3g_direct', 848.6289230769231), (u'claspcnf_direct', 830.9491538461539)]"
patt/insertion/k-insertion/3-insertions-5-4.xml,1,2,"[(u'claspcnf_support', 1662.2631034482758), (u'riss3g_directorder', 967.1348965517242), (u'riss3g_direct', 876.466)]"
patt/insertion/k-insertion/3-insertions-5-6.xml,1,2,"[(u'claspcnf_support', 828.9068099547511), (u'claspcnf_directorder', 813.2670588235294), (u'abscon', 688.1490497737557), (u'choco', 0.0), (u'riss3g_directorder', 578.6707918552037), (u'riss3g_direct', 547.3912895927602)]"
patt/insertion/k-insertion/2-insertions-4-5.xml,1,2,"[(u'claspcnf_direct', 961.564705882353), (u'claspcnf_support', 961.564705882353), (u'glucose_direct', 903.8708235294118), (u'choco', 0.0), (u'riss3g_direct', 423.08847058823534), (u'mistral_nj', 346.16329411764707)]"
patt/js-taillard-20/js-taillard-20-105-7.xml,1,2,"[(u'abscon', 1163.2220634920636), (u'choco', 1106.479523809524), (u'gecode', 567.4253968253969), (u'riss3g_directorder', 425.56904761904764), (u'glucose_directorder', 312.0839682539683)]"
patt/js-taillard-20/js-taillard-20-100-2.xml,1,2,"[(u'abscon', 1163.0701031746032), (u'choco', 1106.3349761904763), (u'gecode', 567.3512698412699), (u'riss3g_directorder', 425.5134523809524), (u'glucose_directorder', 312.0431984126984)]"
patt/js-taillard-20/js-taillard-20-100-5.xml,1,2,"[(u'abscon', 1162.4105238095237), (u'choco', 1105.7075714285716), (u'gecode', 567.0295238095239), (u'riss3g_directorder', 425.27214285714285), (u'glucose_directorder', 311.8662380952381)]"
patt/js-taillard-20/js-taillard-20-95-0.xml,1,2,"[(u'abscon', 1161.3497301587302), (u'choco', 1104.6985238095237), (u'gecode', 566.5120634920635), (u'riss3g_directorder', 424.8840476190476), (u'glucose_directorder', 311.5816349206349)]"
patt/jobShop-e0ddr2/e0ddr2-10-by-5-9.xml,1,2,"[(u'minisat22_directorder', 2902.355), (u'choco', 0.0)]"
patt/os-taillard-15/os-taillard-15-105-8.xml,1,2,"[(u'abscon', 1061.8934399999998), (u'choco', 1035.3461040000004), (u'gecode', 530.9467199999999), (u'riss3g_directorder', 398.21004), (u'glucose_directorder', 292.020696)]"
patt/os-taillard-15/os-taillard-15-95-4.xml,1,2,"[(u'abscon', 1068.8704000000002), (u'choco', 1042.1486400000001), (u'gecode', 534.4352000000001), (u'riss3g_directorder', 400.82640000000004), (u'glucose_directorder', 293.93936)]"
patt/os-taillard-15/os-taillard-15-100-9.xml,1,2,"[(u'abscon', 1068.84576), (u'choco', 1042.1246160000005), (u'gecode', 534.42288), (u'riss3g_directorder', 400.81716), (u'glucose_directorder', 293.93258399999996)]"
patt/os-taillard-15/os-taillard-15-95-0.xml,1,2,"[(u'abscon', 1091.169119047619), (u'choco', 1037.9413571428572), (u'gecode', 532.277619047619), (u'riss3g_directorder', 399.2082142857143), (u'glucose_directorder', 292.7526904761905)]"
patt/os-taillard-15/os-taillard-15-100-0.xml,1,2,"[(u'abscon', 1067.5520000000001), (u'choco', 1040.8631999999996), (u'gecode', 533.7760000000001), (u'riss3g_directorder', 400.332), (u'glucose_directorder', 293.5768)]"
patt/os-taillard-15/os-taillard-15-95-8.xml,1,2,"[(u'abscon', 1089.9101587301589), (u'choco', 1036.7438095238092), (u'gecode', 531.6634920634921), (u'riss3g_directorder', 398.7476190476191), (u'glucose_directorder', 292.41492063492063)]"
patt/os-taillard-15/os-taillard-15-95-1.xml,1,2,"[(u'abscon', 1069.66784), (u'choco', 1042.926144), (u'gecode', 534.83392), (u'riss3g_directorder', 401.12544), (u'glucose_directorder', 294.158656)]"
patt/js-taillard-20-15/js-taillard-20-15-95-2.xml,1,2,"[(u'abscon', 1061.72512), (u'choco', 1035.181992), (u'gecode', 530.86256), (u'riss3g_directorder', 398.14691999999997), (u'glucose_directorder', 291.974408)]"
patt/rcpsp/rcpsp20-17.xml,1,2,"[(u'abscon', 1171.0888571428573), (u'choco', 1113.9625714285714), (u'gecode', 571.2628571428571), (u'riss3g_directorder', 428.44714285714286), (u'glucose_directorder', 314.1945714285714)]"
patt/rcpsp/rcpsp20-11.xml,1,2,"[(u'abscon', 1171.0973174603173), (u'choco', 1113.970619047619), (u'gecode', 571.2669841269841), (u'riss3g_directorder', 428.4502380952381), (u'glucose_directorder', 314.19684126984123)]"
patt/rcpsp/rcpsp25-25.xml,1,2,"[(u'abscon', 1171.1015476190476), (u'choco', 1113.974642857143), (u'gecode', 571.2690476190476), (u'riss3g_directorder', 428.45178571428573), (u'glucose_directorder', 314.1979761904762)]"
patt/rcpsp/rcpsp20-04.xml,1,2,"[(u'abscon', 1171.1119603174602), (u'choco', 1113.984547619048), (u'gecode', 571.274126984127), (u'riss3g_directorder', 428.4555952380952), (u'glucose_directorder', 314.20076984126985)]"
patt/rcpsp/rcpsp25-38.xml,1,2,"[(u'abscon', 1171.1106587301588), (u'choco', 1113.9833095238096), (u'gecode', 571.2734920634921), (u'riss3g_directorder', 428.45511904761906), (u'glucose_directorder', 314.20042063492065)]"
patt/super-queens/super-queens-10.xml,1,2,"[(u'claspcnf_directorder', 1116.63036), (u'choco', 971.8819800000001), (u'cryptominisat_directorder', 1013.2386600000001)]"
patt/super-queens/super-queens-5.xml,1,2,"[(u'choco', 1295.62085915493), (u'cryptominisat_directorder', 1079.6840492957747), (u'lingeling_directorder', 1031.698091549296)]"
patt/radar-9-28-4-2/radar-9-28-4-2-41.xml,1,2,"[(u'abscon', 1171.1262777777777), (u'choco', 1113.9981666666663), (u'gecode', 571.2811111111112), (u'riss3g_directorder', 428.4608333333333), (u'glucose_directorder', 314.2046111111111)]"
patt/radar-9-28-4-2/radar-9-28-4-2-42.xml,1,2,"[(u'abscon', 1171.106103174603), (u'choco', 1113.978976190476), (u'gecode', 571.2712698412698), (u'riss3g_directorder', 428.45345238095234), (u'glucose_directorder', 314.1991984126984)]"
patt/radar-9-28-4-2/radar-9-28-4-2-21.xml,1,2,"[(u'abscon', 1171.110007936508), (u'choco', 1113.98269047619), (u'gecode', 571.2731746031747), (u'riss3g_directorder', 428.45488095238096), (u'glucose_directorder', 314.2002460317461)]"
patt/radar-9-28-4-2/radar-9-28-4-2-45.xml,1,2,"[(u'abscon', 1171.1246507936507), (u'choco', 1113.996619047619), (u'gecode', 571.2803174603174), (u'riss3g_directorder', 428.4602380952381), (u'glucose_directorder', 314.2041746031746)]"
patt/radar-9-28-4-2/radar-9-28-4-2-28.xml,1,2,"[(u'abscon', 1171.0956904761904), (u'choco', 1113.9690714285714), (u'gecode', 571.2661904761904), (u'riss3g_directorder', 428.44964285714286), (u'glucose_directorder', 314.1964047619048)]"
patt/os-taillard-10/os-taillard-10-100-9.xml,1,2,"[(u'abscon', 1136.5121904761904), (u'choco', 1081.0725714285713), (u'gecode', 554.3961904761904), (u'riss3g_directorder', 415.79714285714283), (u'glucose_directorder', 304.91790476190477)]"
patt/os-taillard-10/os-taillard-10-95-7.xml,1,2,"[(u'abscon', 1137.722992063492), (u'choco', 1082.2243095238096), (u'gecode', 554.9868253968255), (u'riss3g_directorder', 416.24011904761903), (u'glucose_directorder', 305.24275396825396)]"
patt/os-taillard-10/os-taillard-10-105-0.xml,1,2,"[(u'abscon', 1136.8502777777778), (u'choco', 1081.3941666666667), (u'gecode', 554.5611111111111), (u'riss3g_directorder', 415.92083333333335), (u'glucose_directorder', 305.0086111111111)]"
patt/os-taillard-10/os-taillard-10-105-6.xml,1,2,"[(u'abscon', 1137.1707936507937), (u'choco', 1081.6990476190476), (u'gecode', 554.7174603174603), (u'riss3g_directorder', 416.0380952380952), (u'glucose_directorder', 305.09460317460315)]"
patt/os-taillard-10/os-taillard-10-105-9.xml,1,2,"[(u'abscon', 1137.6263492063492), (u'choco', 1082.1323809523806), (u'gecode', 554.9396825396825), (u'riss3g_directorder', 416.20476190476194), (u'glucose_directorder', 305.2168253968254)]"
patt/os-taillard-10/os-taillard-10-100-6.xml,1,2,"[(u'abscon', 1138.9839047619048), (u'choco', 1083.423714285714), (u'gecode', 555.6019047619047), (u'riss3g_directorder', 416.7014285714286), (u'glucose_directorder', 305.58104761904764)]"
patt/os-taillard-10/os-taillard-10-105-2.xml,1,2,"[(u'abscon', 1138.4496031746032), (u'choco', 1082.9154761904763), (u'gecode', 555.3412698412699), (u'riss3g_directorder', 416.5059523809524), (u'glucose_directorder', 305.4376984126984)]"
patt/os-taillard-10/os-taillard-10-95-6.xml,1,2,"[(u'abscon', 1138.5491746031746), (u'choco', 1083.0101904761905), (u'gecode', 555.3898412698412), (u'riss3g_directorder', 416.54238095238094), (u'glucose_directorder', 305.4644126984127)]"
patt/os-gp-unsat/gp10-05-1070.xml,1,2,"[(u'abscon', 1123.3687619047619), (u'choco', 1068.5702857142858), (u'gecode', 547.984761904762), (u'riss3g_directorder', 410.98857142857145), (u'glucose_directorder', 301.3916190476191)]"
patt/primes-20/primes-20-40-3-7.xml,1,2,"[(u'abscon', 1165.9313174603176), (u'choco', 1109.0566190476195), (u'gecode', 568.7469841269841), (u'riss3g_directorder', 426.5602380952381), (u'glucose_directorder', 312.81084126984126)]"
patt/primes-20/primes-20-20-3-1.xml,1,2,"[(u'abscon', 1166.7454603174604), (u'choco', 1109.8310476190477), (u'gecode', 569.1441269841271), (u'riss3g_directorder', 426.8580952380953), (u'glucose_directorder', 313.02926984126987)]"
patt/os-taillard-5/os-taillard-5-105-0.xml,1,2,"[(u'choco', 1796.639351351351), (u'mistral_nj', 1641.756648648649)]"
patt/os-taillard-5/os-taillard-5-105-8.xml,1,2,"[(u'choco', 1170.5622400000002), (u'claspcnf_directorder', 1104.304), (u'cryptominisat_directorder', 1038.0457600000002)]"
patt/haystacks/haystacks-49.xml,1,2,"[(u'abscon', 1149.6803492063493), (u'choco', 1093.598380952381), (u'gecode', 560.8196825396826), (u'riss3g_directorder', 420.6147619047619), (u'glucose_directorder', 308.4508253968254)]"
patt/haystacks/haystacks-25.xml,1,2,"[(u'abscon', 1163.5601507936508), (u'choco', 1106.801119047619), (u'gecode', 567.5903174603175), (u'riss3g_directorder', 425.6927380952381), (u'glucose_directorder', 312.1746746031746)]"
patt/radar-8-24-3-2/radar-8-24-3-2-0.xml,1,2,"[(u'abscon', 1171.1129365079366), (u'choco', 1113.9854761904762), (u'gecode', 571.2746031746032), (u'riss3g_directorder', 428.4559523809524), (u'glucose_directorder', 314.20103174603173)]"
patt/radar-8-24-3-2/radar-8-24-3-2-21.xml,1,2,"[(u'abscon', 1171.1044761904761), (u'choco', 1113.9774285714286), (u'gecode', 571.2704761904762), (u'riss3g_directorder', 428.4528571428571), (u'glucose_directorder', 314.1987619047619)]"
patt/radar-8-24-3-2/radar-8-24-3-2-16.xml,1,2,"[(u'abscon', 1171.1077301587302), (u'choco', 1113.980523809524), (u'gecode', 571.2720634920636), (u'riss3g_directorder', 428.4540476190476), (u'glucose_directorder', 314.19963492063494)]"
patt/radar-8-24-3-2/radar-8-24-3-2-28.xml,1,2,"[(u'abscon', 1171.0878809523808), (u'choco', 1113.9616428571428), (u'gecode', 571.2623809523809), (u'riss3g_directorder', 428.4467857142857), (u'glucose_directorder', 314.1943095238095)]"
patt/radar-8-24-3-2/radar-8-24-3-2-15.xml,1,2,"[(u'abscon', 1171.1051269841269), (u'choco', 1113.9780476190476), (u'gecode', 571.2707936507936), (u'riss3g_directorder', 428.4530952380952), (u'glucose_directorder', 314.1989365079365)]"
patt/radar-8-24-3-2/radar-8-24-3-2-33.xml,1,2,"[(u'abscon', 1171.109357142857), (u'choco', 1113.9820714285709), (u'gecode', 571.2728571428571), (u'riss3g_directorder', 428.45464285714286), (u'glucose_directorder', 314.2000714285714)]"
patt/os-taillard-20/os-taillard-20-105-0.xml,1,2,"[(u'abscon', 1161.597031746032), (u'choco', 1104.933761904762), (u'gecode', 566.6326984126985), (u'riss3g_directorder', 424.9745238095238), (u'glucose_directorder', 311.64798412698417)]"
patt/os-taillard-20/os-taillard-20-100-4.xml,1,2,"[(u'abscon', 1161.5358571428571), (u'choco', 1104.8755714285714), (u'gecode', 566.6028571428571), (u'riss3g_directorder', 424.95214285714286), (u'glucose_directorder', 311.6315714285714)]"
patt/os-taillard-20/os-taillard-20-105-6.xml,1,2,"[(u'abscon', 1161.4366111111112), (u'choco', 1104.7811666666666), (u'gecode', 566.5544444444445), (u'riss3g_directorder', 424.91583333333335), (u'glucose_directorder', 311.60494444444447)]"
patt/os-taillard-7/os-taillard-7-100-3.xml,1,2,"[(u'abscon', 1070.74048), (u'choco', 1043.9719679999998), (u'gecode', 535.37024), (u'riss3g_directorder', 401.52768), (u'glucose_directorder', 294.45363199999997)]"
patt/os-taillard-7/os-taillard-7-95-7.xml,1,2,"[(u'choco', 1692.2255094339623), (u'glucose_directorder', 1400.4624905660378)]"
patt/super-os/super-os-taillard-20/super-os-taillard-20-7.xml,1,2,"[(u'abscon', 1155.8287222222223), (u'choco', 1099.4468333333334), (u'gecode', 563.818888888889), (u'riss3g_directorder', 422.86416666666673), (u'glucose_directorder', 310.1003888888889)]"
patt/super-os/super-os-taillard-20/super-os-taillard-20-2.xml,1,2,"[(u'abscon', 1158.2568333333334), (u'choco', 1101.7565000000002), (u'gecode', 565.0033333333333), (u'riss3g_directorder', 423.75250000000005), (u'glucose_directorder', 310.75183333333337)]"
patt/super-os/super-os-taillard-20/super-os-taillard-20-29.xml,1,2,"[(u'abscon', 1157.850738095238), (u'choco', 1101.3702142857144), (u'gecode', 564.8052380952381), (u'riss3g_directorder', 423.6039285714286), (u'glucose_directorder', 310.64288095238095)]"
patt/super-os/super-os-taillard-20/super-os-taillard-20-9.xml,1,2,"[(u'abscon', 1157.6450873015874), (u'choco', 1101.1745952380952), (u'gecode', 564.7049206349207), (u'riss3g_directorder', 423.5286904761905), (u'glucose_directorder', 310.58770634920637)]"
patt/super-os/super-os-taillard-7/super-os-taillard-7-1.xml,1,2,"[(u'abscon', 1134.1361428571429), (u'choco', 1078.8124285714287), (u'gecode', 553.2371428571429), (u'riss3g_directorder', 414.9278571428572), (u'glucose_directorder', 304.2804285714286)]"
patt/super-os/super-os-taillard-7/super-os-taillard-7-29.xml,1,2,"[(u'abscon', 1138.0383015873017), (u'choco', 1082.5242380952377), (u'gecode', 555.140634920635), (u'riss3g_directorder', 416.35547619047617), (u'glucose_directorder', 305.3273492063492)]"
patt/super-os/super-os-taillard-7/super-os-taillard-7-9.xml,1,2,"[(u'abscon', 1136.1210634920635), (u'choco', 1080.700523809524), (u'gecode', 554.2053968253969), (u'riss3g_directorder', 415.6540476190476), (u'glucose_directorder', 304.8129682539683)]"
patt/super-os/super-os-taillard-7/super-os-taillard-7-16.xml,1,2,"[(u'abscon', 1136.8001666666667), (u'choco', 1081.3465), (u'gecode', 554.5366666666667), (u'riss3g_directorder', 415.90250000000003), (u'glucose_directorder', 304.9951666666667)]"
patt/super-os/super-os-taillard-15/super-os-taillard-15-26.xml,1,2,"[(u'abscon', 1161.9940158730158), (u'choco', 1105.3113809523813), (u'gecode', 566.8263492063492), (u'riss3g_directorder', 425.1197619047619), (u'glucose_directorder', 311.754492063492)]"
patt/super-os/super-os-taillard-15/super-os-taillard-15-14.xml,1,2,"[(u'abscon', 1162.2601904761905), (u'choco', 1105.5645714285715), (u'gecode', 566.9561904761905), (u'riss3g_directorder', 425.21714285714285), (u'glucose_directorder', 311.8259047619048)]"
patt/super-os/super-os-taillard-5/super-os-taillard-5-1.xml,1,2,"[(u'choco', 862.7371791907515), (u'abscon', 806.4717109826589), (u'lingeling_directorder', 637.6753063583815), (u'glucose_support', 562.6546820809249), (u'claspcnf_direct', 375.10312138728324)]"
patt/super-os/super-os-taillard-5/super-os-taillard-5-13.xml,1,2,"[(u'choco', 871.4706538461538), (u'riss3g_support', 675.8343846153846), (u'riss3g_directorder', 586.9088076923077), (u'cryptominisat_directorder', 586.9088076923077), (u'claspcnf_directorder', 515.7683461538461)]"
patt/super-os/super-os-taillard-5/super-os-taillard-5-17.xml,1,2,"[(u'choco', 801.4888349999995), (u'abscon', 736.061175), (u'riss3g_directorder', 556.13511), (u'lingeling_support', 572.492025), (u'minisat22_support', 605.205855)]"
patt/super-os/super-os-taillard-5/super-os-taillard-5-5.xml,1,2,"[(u'choco', 821.2359587628866), (u'abscon', 737.4363711340206), (u'riss3g_directorder', 553.0772783505155), (u'lingeling_support', 569.8371958762887), (u'minisat22_support', 569.8371958762887)]"
patt/super-os/super-os-taillard-5/super-os-taillard-5-14.xml,1,2,"[(u'choco', 819.8692628865983), (u'abscon', 736.2091340206185), (u'riss3g_directorder', 552.1568505154639), (u'lingeling_support', 568.8888762886597), (u'minisat22_support', 568.8888762886597)]"
patt/super-os/super-os-taillard-5/super-os-taillard-5-8.xml,1,2,"[(u'choco', 798.0420721649484), (u'abscon', 747.1032164948454), (u'riss3g_directorder', 611.2662680412371), (u'lingeling_support', 577.3070309278351), (u'minisat22_support', 560.327412371134)]"
patt/super-os/super-os-taillard-4/super-os-taillard-4-7.xml,1,2,"[(u'choco', 0.0), (u'abscon', 1204.2754782608695), (u'lingeling_support', 993.5272695652174), (u'glucose_support', 842.9928347826086), (u'gecode', 421.4964173913043)]"
patt/super-os/super-os-taillard-4/super-os-taillard-4-14.xml,1,2,"[(u'choco', 0.0), (u'abscon', 1044.834), (u'riss3g_directorder', 820.9409999999999), (u'lingeling_support', 796.064), (u'minisat22_support', 771.187)]"
patt/super-os/super-os-taillard-4/super-os-taillard-4-13.xml,1,2,"[(u'choco', 1009.8125932203394), (u'mistral_nj', 838.3349830508474), (u'riss3g_support', 819.2819152542372), (u'minisat22_directorder', 704.9635084745762)]"
patt/super-os/super-os-taillard-4/super-os-taillard-4-18.xml,1,2,"[(u'choco', -4.547473508864641e-13), (u'abscon', 1156.3939609375), (u'lingeling_support', 941.2508984374999), (u'glucose_support', 806.786484375), (u'claspcnf_direct', 537.85765625)]"
patt/super-os/super-os-taillard-10/super-os-taillard-10-5.xml,1,2,"[(u'abscon', 1066.4432000000002), (u'choco', 1039.78212), (u'gecode', 533.2216000000001), (u'riss3g_directorder', 399.9162), (u'glucose_directorder', 293.27188)]"
patt/super-os/super-os-taillard-10/super-os-taillard-10-18.xml,1,2,"[(u'abscon', 1067.24096), (u'choco', 1040.559936), (u'gecode', 533.62048), (u'riss3g_directorder', 400.21536000000003), (u'glucose_directorder', 293.491264)]"
patt/radar-8-30-3-0/radar-8-30-3-0-8.xml,1,2,"[(u'abscon', 1171.1070793650795), (u'choco', 1113.979904761905), (u'gecode', 571.271746031746), (u'riss3g_directorder', 428.4538095238096), (u'glucose_directorder', 314.19946031746036)]"
patt/radar-8-30-3-0/radar-8-30-3-0-42.xml,1,2,"[(u'abscon', 1171.0511111111111), (u'choco', 1113.9266666666667), (u'gecode', 571.2444444444445), (u'riss3g_directorder', 428.4333333333334), (u'glucose_directorder', 314.18444444444447)]"
patt/jobShop-enddr1/enddr1-10-by-5-6.xml,1,2,"[(u'minisat22_directorder', 2951.6670000000004)]"
patt/jobShop-enddr1/enddr1-10-by-5-8.xml,1,2,"[(u'minisat22_directorder', 3030.889)]"
patt/jobShop-enddr1/enddr1-10-by-5-7.xml,1,2,"[(u'minisat22_directorder', 2862.009), (u'choco', 0.0)]"
patt/jobShop-enddr1/enddr1-10-by-5-1.xml,1,2,"[(u'minisat22_directorder', 3049.184), (u'choco', 0.0)]"
patt/rcpspTighter/rcpsptight25-29.xml,1,2,"[(u'abscon', 1171.1217222222222), (u'choco', 1113.9938333333332), (u'gecode', 571.2788888888888), (u'riss3g_directorder', 428.45916666666665), (u'glucose_directorder', 314.20338888888887)]"
patt/rcpspTighter/rcpsptight25-35.xml,1,2,"[(u'abscon', 1171.109357142857), (u'choco', 1113.9820714285709), (u'gecode', 571.2728571428571), (u'riss3g_directorder', 428.45464285714286), (u'glucose_directorder', 314.2000714285714)]"
patt/rcpspTighter/rcpsptight20-05.xml,1,2,"[(u'abscon', 1170.9619523809522), (u'choco', 1113.841857142857), (u'gecode', 571.2009523809523), (u'riss3g_directorder', 428.40071428571423), (u'glucose_directorder', 314.1605238095238)]"
patt/rcpspTighter/rcpsptight25-37.xml,1,2,"[(u'abscon', 1171.1103333333333), (u'choco', 1113.983), (u'gecode', 571.2733333333333), (u'riss3g_directorder', 428.455), (u'glucose_directorder', 314.20033333333333)]"
patt/primes-25/primes-25-80-3-1.xml,1,2,"[(u'abscon', 1166.081), (u'choco', 1109.199), (u'gecode', 568.8199999999999), (u'riss3g_directorder', 426.615), (u'glucose_directorder', 312.851)]"
patt/primes-25/primes-25-20-3-5.xml,1,2,"[(u'abscon', 1166.8020793650794), (u'choco', 1109.8849047619049), (u'gecode', 569.1717460317461), (u'riss3g_directorder', 426.87880952380954), (u'glucose_directorder', 313.04446031746033)]"
patt/primes-25/primes-25-60-2-1.xml,1,2,"[(u'abscon', 1166.172111111111), (u'choco', 1109.2856666666667), (u'gecode', 568.8644444444444), (u'riss3g_directorder', 426.6483333333333), (u'glucose_directorder', 312.87544444444444)]"
patt/primes-25/primes-25-20-3-3.xml,1,2,"[(u'abscon', 1166.1835), (u'choco', 1109.2965), (u'gecode', 568.87), (u'riss3g_directorder', 426.65250000000003), (u'glucose_directorder', 312.87850000000003)]"
patt/primes-25/primes-25-60-2-3.xml,1,2,"[(u'abscon', 1166.770515873016), (u'choco', 1109.8548809523809), (u'gecode', 569.1563492063492), (u'riss3g_directorder', 426.8672619047619), (u'glucose_directorder', 313.0359920634921)]"
patt/primes-25/primes-25-20-2-5.xml,1,2,"[(u'abscon', 1166.670619047619), (u'choco', 1109.759857142857), (u'gecode', 569.1076190476191), (u'riss3g_directorder', 426.8307142857143), (u'glucose_directorder', 313.0091904761905)]"
acad/nengfa/color.xml,1,2,"[(u'abscon', 1130.398634920635), (u'choco', 1075.257238095238), (u'gecode', 551.4139682539683), (u'riss3g_directorder', 413.5604761904762), (u'glucose_directorder', 303.27768253968253)]"
acad/nengfa/schur.xml,1,2,"[(u'abscon', 1170.5870952380953), (u'choco', 1113.4852857142853), (u'gecode', 571.0180952380953), (u'riss3g_directorder', 428.2635714285715), (u'glucose_directorder', 314.0599523809524)]"
acad/nengfa/sudoku368.xml,1,2,"[(u'choco', 959.2416000000001), (u'abscon', 937.4406545454547), (u'claspcnf_directorder', 872.0378181818182), (u'claspcnf_direct', 828.4359272727273)]"
acad/socialGolfers/socialGolfer-6-3-5.xml,1,2,"[(u'choco', 958.0136), (u'abscon', 936.2405636363637), (u'claspcnf_directorder', 870.9214545454546), (u'claspcnf_direct', 827.3753818181818)]"
acad/socialGolfers/socialGolfer-8-4-8.xml,1,2,"[(u'claspcnf_direct', 1015.149902173913), (u'claspcnf_support', 995.9961304347826), (u'glucose_direct', 957.6885869565217), (u'choco', 0.0), (u'riss3g_directorder', 555.4593804347826)]"
acad/socialGolfers/socialGolfer-6-4-7.xml,1,2,"[(u'choco', 953.3034666666666), (u'abscon', 931.6374787878788), (u'claspcnf_directorder', 866.6395151515151), (u'claspcnf_direct', 823.3075393939394)]"
acad/socialGolfers/socialGolfer-6-3-8.xml,1,2,"[(u'claspcnf_support', 1028.2216610169492), (u'claspcnf_direct', 1008.0604519774012), (u'glucose_direct', 987.8992429378532), (u'riss3g_directorder', 544.3526440677966)]"
acad/magicSquare/magicSquare-4_glb.xml,1,2,"[(u'abscon', 1132.5859523809524), (u'choco', 1077.337857142857), (u'gecode', 552.4809523809524), (u'riss3g_directorder', 414.36071428571427), (u'glucose_directorder', 303.8645238095238)]"
acad/magicSquare/magicSquare-10_glb.xml,1,2,"[(u'abscon', 1023.11712), (u'choco', 997.539192), (u'gecode', 511.55856), (u'riss3g_directorder', 383.66892), (u'glucose_directorder', 281.357208)]"
acad/allIntervalSeries/series-13.xml,1,2,"[(u'claspcnf_direct', 3524.721)]"
acad/pigeons_glb/pigeons-30_ext.xml,1,2,"[(u'abscon', 1138.6858412698414), (u'choco', 1083.1401904761901), (u'gecode', 555.456507936508), (u'riss3g_directorder', 416.592380952381), (u'glucose_directorder', 305.5010793650794)]"
acad/domino/domino-1000-100.xml,1,2,"[(u'abscon', 1114.9718968253967), (u'choco', 1060.583023809524), (u'gecode', 543.8887301587301), (u'riss3g_directorder', 407.91654761904755), (u'glucose_directorder', 299.13880158730154)]"
acad/domino/domino-800-100.xml,1,2,"[(u'abscon', 1126.6230555555555), (u'choco', 1071.6658333333328), (u'gecode', 549.5722222222222), (u'riss3g_directorder', 412.1791666666667), (u'glucose_directorder', 302.2647222222222)]"
acad/ramsey3/ramsey-10-3.xml,1,2,"[(u'choco', 904.6712011173184), (u'abscon', 864.463592178771), (u'claspcnf_directorder', 663.4255474860336), (u'glucose_directorder', 603.1141340782123), (u'gecode', 562.9065251396648)]"
acad/ramsey3/ramsey-16-3.xml,1,2,"[(u'choco', 957.5893333333333), (u'abscon', 935.8259393939394), (u'claspcnf_directorder', 870.5357575757575), (u'claspcnf_direct', 827.0089696969696)]"
acad/ramsey3/ramsey-13-3.xml,1,2,"[(u'choco', 870.7962210526315), (u'abscon', 776.1444578947368), (u'claspcnf_directorder', 681.492694736842), (u'claspcnf_direct', 643.6319894736841), (u'glucose_directorder', 624.7016368421051)]"
acad/QG6/quasigroup6-7.xml,1,2,"[(u'claspcnf_support', 790.3377011494252), (u'riss3g_direct', 711.3039310344827), (u'claspcnf_direct', 750.820816091954), (u'abscon', 612.5117183908046), (u'minisat22_direct', 572.9948333333333)]"
acad/costasArray/costasArray-13.xml,1,2,"[(u'choco', 976.2931428571428), (u'abscon', 865.3507402597402), (u'lingeling_directorder', 665.6544155844156), (u'glucose_support', 599.0889740259739), (u'gecode', 310.63872727272724)]"
acad/allsquaresUnsat/squaresUnsat-25-25.xml,1,2,"[(u'abscon', 1170.4927301587302), (u'choco', 1113.395523809524), (u'gecode', 570.9720634920634), (u'riss3g_directorder', 428.2290476190476), (u'glucose_directorder', 314.0346349206349)]"
acad/allsquaresUnsat/squaresUnsat-9-9.xml,1,2,"[(u'abscon', 1171.1467777777777), (u'choco', 1114.017666666667), (u'gecode', 571.291111111111), (u'riss3g_directorder', 428.4683333333333), (u'glucose_directorder', 314.2101111111111)]"
acad/allsquaresUnsat/squaresUnsat-20-20.xml,1,2,"[(u'abscon', 1170.4940317460319), (u'choco', 1113.3967619047623), (u'gecode', 570.9726984126984), (u'riss3g_directorder', 428.2295238095238), (u'glucose_directorder', 314.0349841269841)]"
acad/allsquaresUnsat/squaresUnsat-27-27.xml,1,2,"[(u'abscon', 1170.1435793650794), (u'choco', 1113.0634047619044), (u'gecode', 570.801746031746), (u'riss3g_directorder', 428.10130952380956), (u'glucose_directorder', 313.94096031746034)]"
acad/largeQueens/queens-500.xml,1,2,"[(u'abscon', 862.36768), (u'choco', 840.808488), (u'gecode', 431.18384), (u'riss3g_directorder', 323.38788), (u'glucose_directorder', 237.15111199999998)]"
acad/langford2/langford-2-5.xml,1,2,"[(u'claspcnf_support', 941.9769633507852), (u'riss3g_direct', 885.4583455497382), (u'claspcnf_directorder', 885.4583455497382), (u'claspcnf_direct', 885.4583455497382), (u'choco', 0.0)]"
acad/langford2/langford-2-12.xml,1,2,"[(u'abscon', 1132.0490476190475), (u'choco', 1076.827142857143), (u'gecode', 552.2190476190476), (u'riss3g_directorder', 414.1642857142857), (u'glucose_directorder', 303.7204761904762)]"
acad/langford2/langford-2-40.xml,1,2,"[(u'abscon', 1123.4995714285715), (u'choco', 1068.6947142857143), (u'gecode', 548.0485714285714), (u'riss3g_directorder', 411.0364285714286), (u'glucose_directorder', 301.4267142857143)]"
acad/langford2/langford-2-30.xml,1,2,"[(u'abscon', 1128.9418333333333), (u'choco', 1073.8715000000004), (u'gecode', 550.7033333333333), (u'riss3g_directorder', 413.0275), (u'glucose_directorder', 302.8868333333333)]"
acad/langford2/langford-2-11.xml,1,2,"[(u'choco', 935.8053333333334), (u'abscon', 914.5370303030303), (u'claspcnf_directorder', 850.7321212121212), (u'claspcnf_direct', 808.1955151515151)]"
acad/langford2/langford-2-4.xml,1,2,"[(u'choco', 959.7426666666665), (u'abscon', 937.9303333333332), (u'claspcnf_directorder', 872.4933333333332), (u'claspcnf_direct', 828.8686666666666)]"
acad/langford2/langford-2-15.xml,1,2,"[(u'abscon', 1131.80923015873), (u'choco', 1076.5990238095237), (u'gecode', 552.1020634920635), (u'riss3g_directorder', 414.0765476190476), (u'glucose_directorder', 303.6561349206349)]"
acad/langford2/langford-2-2.xml,1,2,"[(u'choco', 1077.4645222929933), (u'abscon', 962.8406369426751), (u'claspcnf_directorder', 802.3671974522293), (u'glucose_directorder', 756.5176433121019)]"
acad/golombRulerArity3/ruler-55-11-a3.xml,1,2,"[(u'riss3g_support', 894.8462891566265), (u'abscon', 874.5088734939759), (u'lingeling_support', 813.4966265060241), (u'choco', -4.547473508864641e-13), (u'claspcnf_direct', 793.1592108433736)]"
acad/golombRulerArity3/ruler-67-12-a3.xml,1,2,"[(u'abscon', 1071.04), (u'choco', 1044.264), (u'gecode', 535.52), (u'riss3g_directorder', 401.64), (u'glucose_directorder', 294.536)]"
acad/golombRulerArity3/ruler-17-7-a3.xml,1,2,"[(u'choco', 944.2023999999999), (u'abscon', 922.7432545454545), (u'claspcnf_directorder', 858.3658181818181), (u'claspcnf_direct', 815.4475272727273)]"
acad/QG3/quasigroup3-6.xml,1,2,"[(u'choco', 880.3739361702128), (u'abscon', 784.6811170212766), (u'claspcnf_directorder', 669.8497340425532), (u'glucose_directorder', 631.5726063829787), (u'claspcnf_direct', 631.5726063829787)]"
acad/chessboardColoration/cc-25-25-2.xml,1,2,"[(u'abscon', 1127.9015396825396), (u'choco', 1072.8819523809527), (u'gecode', 550.195873015873), (u'riss3g_directorder', 412.64690476190475), (u'glucose_directorder', 302.60773015873013)]"
acad/chessboardColoration/cc-9-9-3.xml,1,2,"[(u'abscon', 1130.9944365079366), (u'choco', 1075.8239761904763), (u'gecode', 551.7046031746032), (u'riss3g_directorder', 413.7784523809524), (u'glucose_directorder', 303.43753174603177)]"
acad/chessboardColoration/cc-25-25-3.xml,1,2,"[(u'abscon', 1129.966507936508), (u'choco', 1074.8461904761905), (u'gecode', 551.2031746031746), (u'riss3g_directorder', 413.40238095238095), (u'glucose_directorder', 303.161746031746)]"
acad/chessboardColoration/cc-8-8-2.xml,1,2,"[(u'claspcnf_directorder', 837.4194559585493), (u'claspcnf_support', 837.4194559585493), (u'abscon', 707.154207253886), (u'lingeling_support', 651.3262435233162), (u'choco', 558.2796373056996)]"
acad/chessboardColoration/cc-8-8-3.xml,1,2,"[(u'choco', 1018.7408070175438), (u'claspcnf_direct', 719.1111578947368), (u'claspcnf_directorder', 619.2346081871345), (u'claspcnf_support', 599.259298245614), (u'minisat22_directorder', 459.43212865497077)]"
acad/langford4/langford-4-2.xml,1,2,"[(u'choco', 959.7088), (u'abscon', 937.8972363636364), (u'claspcnf_directorder', 872.4625454545455), (u'claspcnf_direct', 828.8394181818182)]"
acad/allsquares/squares-36-36.xml,1,2,"[(u'abscon', 1169.755380952381), (u'choco', 1112.6941428571429), (u'gecode', 570.6123809523809), (u'riss3g_directorder', 427.9592857142857), (u'glucose_directorder', 313.8368095238095)]"
acad/allsquares/squares-12-12.xml,1,2,"[(u'abscon', 1171.0537142857142), (u'choco', 1113.9291428571428), (u'gecode', 571.2457142857143), (u'riss3g_directorder', 428.4342857142857), (u'glucose_directorder', 314.18514285714286)]"
acad/allsquares/squares-9-9.xml,1,2,"[(u'abscon', 1171.0882063492063), (u'choco', 1113.9619523809524), (u'gecode', 571.2625396825397), (u'riss3g_directorder', 428.44690476190476), (u'glucose_directorder', 314.19439682539684)]"
acad/allsquares/squares-2-2.xml,1,2,"[(u'abscon', 1171.174761904762), (u'choco', 1114.0442857142857), (u'gecode', 571.3047619047619), (u'riss3g_directorder', 428.4785714285714), (u'glucose_directorder', 314.21761904761905)]"
acad/allsquares/squares-32-32.xml,1,2,"[(u'abscon', 1170.0693888888889), (u'choco', 1112.9928333333332), (u'gecode', 570.7655555555555), (u'riss3g_directorder', 428.07416666666666), (u'glucose_directorder', 313.92105555555554)]"
acad/ramsey4/ramsey-34-4.xml,1,2,"[(u'abscon', 1128.5347619047618), (u'choco', 1073.4842857142858), (u'gecode', 550.5047619047618), (u'riss3g_directorder', 412.87857142857143), (u'glucose_directorder', 302.77761904761905)]"
acad/ramsey4/ramsey-30-4.xml,1,2,"[(u'abscon', 1130.283119047619), (u'choco', 1075.1473571428571), (u'gecode', 551.357619047619), (u'riss3g_directorder', 413.51821428571424), (u'glucose_directorder', 303.24669047619045)]"
acad/bibd8/bibd-8-42-21-4-9_glb.xml,1,2,"[(u'choco', 958.0568), (u'abscon', 936.2827818181818), (u'claspcnf_directorder', 870.9607272727272), (u'claspcnf_direct', 827.4126909090909)]"
acad/bibd9/bibd-9-12-4-3-1_glb.xml,1,2,"[(u'claspcnf_support', 1030.9105617977527), (u'glucose_direct', 1010.6966292134832), (u'claspcnf_direct', 1010.6966292134832), (u'choco', 0.0), (u'riss3g_directorder', 545.7761797752809)]"
acad/bibd6/bibd-6-30-15-3-6_glb.xml,1,2,"[(u'claspcnf_support', 1081.046038251366), (u'claspcnf_directorder', 1081.046038251366), (u'riss3g_directorder', 746.9045355191257), (u'riss3g_direct', 687.938387978142)]"
acad/queenAttacking/queenAttacking-4.xml,1,2,"[(u'claspcnf_direct', 897.8406091370559), (u'claspcnf_support', 897.8406091370559), (u'glucose_direct', 861.9269847715736), (u'choco', 0.0), (u'riss3g_direct', 448.92030456852797), (u'mistral_nj', 430.9634923857868)]"
acad/bibdVariousK/bibd-22-22-7-7-2_glb.xml,1,2,"[(u'claspcnf_support', 840.8624311111112), (u'claspcnf_direct', 824.9971022222222), (u'abscon', 666.3438133333334), (u'riss3g_direct', 618.7478266666667), (u'riss3g_directorder', 618.7478266666667)]"
acad/bibdVariousK/bibd-16-80-15-3-2_glb.xml,1,2,"[(u'cryptominisat_direct', 1127.997275362319), (u'minisat22_direct', 1151.9972173913043), (u'abscon', 1031.997507246377)]"
acad/bibdVariousK/bibd-15-15-7-7-3_glb.xml,1,2,"[(u'claspcnf_direct', 914.5828363636363), (u'claspcnf_support', 914.5828363636363), (u'minisat22_direct', 881.9191636363636), (u'lingeling_directorder', 881.9191636363636), (u'choco', 0.0)]"
acad/knights/knights-20-9.xml,1,2,"[(u'claspcnf_direct', 778.8093264248704), (u'minisat22_support', 794.3855129533678), (u'claspcnf_directorder', 716.5045803108808), (u'minisat22_direct', 716.5045803108808), (u'choco', 0.0)]"
acad/knights/knights-80-9.xml,1,2,"[(u'abscon', 1165.9043095238096), (u'choco', 1109.0309285714286), (u'gecode', 568.7338095238096), (u'riss3g_directorder', 426.55035714285714), (u'glucose_directorder', 312.8035952380952)]"
acad/langford3/langford-3-9.xml,1,2,"[(u'claspcnf_directorder', 913.8507093023256), (u'claspcnf_support', 893.9843895348838), (u'abscon', 814.5191104651163), (u'lingeling_support', 794.6527906976745), (u'choco', -4.547473508864641e-13)]"
acad/queensKnights/queensKnights-50-5-add.xml,1,2,"[(u'abscon', 1025.54496), (u'choco', 999.906336), (u'gecode', 512.77248), (u'riss3g_directorder', 384.57936), (u'glucose_directorder', 282.024864)]"
acad/queensKnights/queensKnights-10-5-mul.xml,1,2,"[(u'choco', 1026.826865030675), (u'abscon', 922.0486134969326), (u'lingeling_directorder', 796.3147116564418), (u'glucose_support', 670.5808098159509)]"
acad/QG7/quasigroup7-8.xml,1,2,"[(u'claspcnf_directorder', 1169.8563253012046), (u'riss3g_directorder', 1108.284939759036), (u'claspcnf_support', 1128.8087349397588)]"
