mznc12-problems/fast-food/fastfood.mzn_AND_mznc12-problems/fast-food/ff61.dzn,1,4,"[(u'bprolog', 897.77)]"
mznc12-problems/mspsp/mspsp.mzn_AND_mznc12-problems/mspsp/medium_05.dzn,1,4,"[(u'bprolog', 897.84)]"
mznc12-problems/parity-learning/parity-learning.mzn_AND_mznc12-problems/parity-learning/52_26_6.2.dzn,1,4,"[(u'bprolog', 897.91)]"
mznc12-problems/league/league.mzn_AND_mznc12-problems/league/model50-4-4.dzn,1,4,"[(u'bprolog', 897.59)]"
mznc12-problems/league/league.mzn_AND_mznc12-problems/league/model55-3-12.dzn,1,4,"[(u'bprolog', 897.4)]"
mznc12-problems/mspsp/mspsp.mzn_AND_mznc12-problems/mspsp/hard_01.dzn,1,4,"[(u'bprolog', 897.85)]"
mznc12-problems/mspsp/mspsp.mzn_AND_mznc12-problems/mspsp/hard_03.dzn,1,4,"[(u'bprolog', 897.75)]"
mznc12-problems/train/train.mzn_AND_mznc12-problems/train/instance.7.dzn,1,4,"[(u'bprolog', 897.84)]"
benchmarks/2DBinPacking/2DLevelPacking.mzn_AND_benchmarks/2DBinPacking/class_10/Class10_40_4.dzn,1,4,"[(u'bprolog', 896.72)]"
mznc12-problems/league/league.mzn_AND_mznc12-problems/league/model90-18-20.dzn,1,4,"[(u'bprolog', 891.31)]"
mznc12-problems/still-life-wastage/still-life.mzn_AND_mznc12-problems/still-life-wastage/12.dzn,1,4,"[(u'bprolog', 893.48)]"
benchmarks/2DBinPacking/2DLevelPacking.mzn_AND_benchmarks/2DBinPacking/class_10/Class10_60_6.dzn,1,4,"[(u'bprolog', 890.49)]"
benchmarks/2DBinPacking/2DLevelPacking.mzn_AND_benchmarks/2DBinPacking/class_1/Class1_40_5.dzn,1,4,"[(u'bprolog', 896.74)]"
benchmarks/2DBinPacking/2DLevelPacking.mzn_AND_benchmarks/2DBinPacking/class_10/Class10_60_8.dzn,1,4,"[(u'bprolog', 890.57)]"
benchmarks/2DBinPacking/2DLevelPacking.mzn_AND_benchmarks/2DBinPacking/class_2/Class2_40_6.dzn,1,4,"[(u'bprolog', 896.71)]"
benchmarks/2DBinPacking/2DLevelPacking.mzn_AND_benchmarks/2DBinPacking/class_10/Class10_60_5.dzn,1,4,"[(u'bprolog', 890.44)]"
benchmarks/2DBinPacking/2DLevelPacking.mzn_AND_benchmarks/2DBinPacking/class_10/Class10_80_1.dzn,1,4,"[(u'bprolog', 874.98)]"
benchmarks/2DBinPacking/2DLevelPacking.mzn_AND_benchmarks/2DBinPacking/class_1/Class1_60_5.dzn,1,4,"[(u'bprolog', 890.28)]"
benchmarks/2DBinPacking/2DLevelPacking.mzn_AND_benchmarks/2DBinPacking/class_1/Class1_60_9.dzn,1,4,"[(u'bprolog', 890.38)]"
benchmarks/2DBinPacking/2DLevelPacking.mzn_AND_benchmarks/2DBinPacking/class_2/Class2_40_10.dzn,1,4,"[(u'bprolog', 896.71)]"
benchmarks/2DBinPacking/2DLevelPacking.mzn_AND_benchmarks/2DBinPacking/class_1/Class1_60_1.dzn,1,4,"[(u'bprolog', 890.46)]"
benchmarks/2DBinPacking/2DLevelPacking.mzn_AND_benchmarks/2DBinPacking/class_1/Class1_60_3.dzn,1,4,"[(u'bprolog', 890.42)]"
benchmarks/2DBinPacking/2DLevelPacking.mzn_AND_benchmarks/2DBinPacking/class_2/Class2_40_7.dzn,1,4,"[(u'bprolog', 896.72)]"
benchmarks/2DBinPacking/2DLevelPacking.mzn_AND_benchmarks/2DBinPacking/class_3/Class3_40_6.dzn,1,4,"[(u'bprolog', 896.73)]"
benchmarks/2DBinPacking/2DLevelPacking.mzn_AND_benchmarks/2DBinPacking/class_10/Class10_80_6.dzn,1,4,"[(u'bprolog', 874.95)]"
benchmarks/2DBinPacking/2DLevelPacking.mzn_AND_benchmarks/2DBinPacking/class_10/Class10_80_7.dzn,1,4,"[(u'bprolog', 874.99)]"
benchmarks/2DBinPacking/2DLevelPacking.mzn_AND_benchmarks/2DBinPacking/class_2/Class2_60_10.dzn,1,4,"[(u'bprolog', 890.48)]"
benchmarks/2DBinPacking/2DLevelPacking.mzn_AND_benchmarks/2DBinPacking/class_1/Class1_80_1.dzn,1,4,"[(u'bprolog', 874.47)]"
benchmarks/2DBinPacking/2DLevelPacking.mzn_AND_benchmarks/2DBinPacking/class_1/Class1_80_5.dzn,1,4,"[(u'bprolog', 874.81)]"
benchmarks/2DBinPacking/2DLevelPacking.mzn_AND_benchmarks/2DBinPacking/class_10/Class10_100_4.dzn,1,4,"[(u'bprolog', 838.16)]"
benchmarks/2DBinPacking/2DLevelPacking.mzn_AND_benchmarks/2DBinPacking/class_2/Class2_60_6.dzn,1,4,"[(u'bprolog', 890.46)]"
benchmarks/2DBinPacking/2DLevelPacking.mzn_AND_benchmarks/2DBinPacking/class_10/Class10_100_5.dzn,1,4,"[(u'bprolog', 837.92)]"
benchmarks/2DBinPacking/2DLevelPacking.mzn_AND_benchmarks/2DBinPacking/class_3/Class3_60_8.dzn,1,4,"[(u'bprolog', 890.46)]"
benchmarks/2DBinPacking/2DLevelPacking.mzn_AND_benchmarks/2DBinPacking/class_5/Class5_40_6.dzn,1,4,"[(u'bprolog', 896.72)]"
benchmarks/2DBinPacking/2DLevelPacking.mzn_AND_benchmarks/2DBinPacking/class_4/Class4_40_10.dzn,1,4,"[(u'bprolog', 896.7)]"
benchmarks/2DBinPacking/2DLevelPacking.mzn_AND_benchmarks/2DBinPacking/class_2/Class2_80_4.dzn,1,4,"[(u'bprolog', 874.89)]"
benchmarks/2DBinPacking/2DLevelPacking.mzn_AND_benchmarks/2DBinPacking/class_2/Class2_80_3.dzn,1,4,"[(u'bprolog', 874.99)]"
benchmarks/2DBinPacking/2DLevelPacking.mzn_AND_benchmarks/2DBinPacking/class_3/Class3_60_1.dzn,1,4,"[(u'bprolog', 890.44)]"
benchmarks/2DBinPacking/2DLevelPacking.mzn_AND_benchmarks/2DBinPacking/class_4/Class4_40_8.dzn,1,4,"[(u'bprolog', 896.71)]"
benchmarks/2DBinPacking/2DLevelPacking.mzn_AND_benchmarks/2DBinPacking/class_4/Class4_40_9.dzn,1,4,"[(u'bprolog', 896.71)]"
benchmarks/2DBinPacking/2DLevelPacking.mzn_AND_benchmarks/2DBinPacking/class_2/Class2_80_8.dzn,1,4,"[(u'bprolog', 874.97)]"
benchmarks/2DBinPacking/2DLevelPacking.mzn_AND_benchmarks/2DBinPacking/class_2/Class2_80_2.dzn,1,4,"[(u'bprolog', 874.76)]"
benchmarks/2DBinPacking/2DLevelPacking.mzn_AND_benchmarks/2DBinPacking/class_4/Class4_40_5.dzn,1,4,"[(u'bprolog', 896.73)]"
benchmarks/2DBinPacking/2DLevelPacking.mzn_AND_benchmarks/2DBinPacking/class_4/Class4_60_1.dzn,1,4,"[(u'bprolog', 890.48)]"
benchmarks/2DBinPacking/2DLevelPacking.mzn_AND_benchmarks/2DBinPacking/class_1/Class1_100_3.dzn,1,4,"[(u'bprolog', 838.45)]"
benchmarks/2DBinPacking/2DLevelPacking.mzn_AND_benchmarks/2DBinPacking/class_1/Class1_100_5.dzn,1,4,"[(u'bprolog', 838.09)]"
benchmarks/2DBinPacking/2DLevelPacking.mzn_AND_benchmarks/2DBinPacking/class_1/Class1_100_4.dzn,1,4,"[(u'bprolog', 838.27)]"
benchmarks/2DBinPacking/2DLevelPacking.mzn_AND_benchmarks/2DBinPacking/class_5/Class5_40_2.dzn,1,4,"[(u'bprolog', 896.7)]"
benchmarks/2DBinPacking/2DLevelPacking.mzn_AND_benchmarks/2DBinPacking/class_6/Class6_20_3.dzn,1,4,"[(u'bprolog', 897.85)]"
benchmarks/2DBinPacking/2DLevelPacking.mzn_AND_benchmarks/2DBinPacking/class_5/Class5_40_4.dzn,1,4,"[(u'bprolog', 896.7)]"
benchmarks/2DBinPacking/2DLevelPacking.mzn_AND_benchmarks/2DBinPacking/class_3/Class3_80_10.dzn,1,4,"[(u'bprolog', 874.81)]"
benchmarks/2DBinPacking/2DLevelPacking.mzn_AND_benchmarks/2DBinPacking/class_6/Class6_40_8.dzn,1,4,"[(u'bprolog', 896.72)]"
benchmarks/2DBinPacking/2DLevelPacking.mzn_AND_benchmarks/2DBinPacking/class_1/Class1_100_7.dzn,1,4,"[(u'bprolog', 838.43)]"
benchmarks/2DBinPacking/2DLevelPacking.mzn_AND_benchmarks/2DBinPacking/class_4/Class4_60_3.dzn,1,4,"[(u'bprolog', 890.51)]"
benchmarks/2DBinPacking/2DLevelPacking.mzn_AND_benchmarks/2DBinPacking/class_3/Class3_40_9.dzn,1,4,"[(u'bprolog', 896.72)]"
benchmarks/2DBinPacking/2DLevelPacking.mzn_AND_benchmarks/2DBinPacking/class_5/Class5_60_10.dzn,1,4,"[(u'bprolog', 890.44)]"
benchmarks/2DBinPacking/2DLevelPacking.mzn_AND_benchmarks/2DBinPacking/class_5/Class5_60_1.dzn,1,4,"[(u'bprolog', 890.52)]"
benchmarks/2DBinPacking/2DLevelPacking.mzn_AND_benchmarks/2DBinPacking/class_5/Class5_60_7.dzn,1,4,"[(u'bprolog', 890.51)]"
benchmarks/2DBinPacking/2DLevelPacking.mzn_AND_benchmarks/2DBinPacking/class_5/Class5_60_8.dzn,1,4,"[(u'bprolog', 890.51)]"
benchmarks/2DBinPacking/2DLevelPacking.mzn_AND_benchmarks/2DBinPacking/class_2/Class2_100_2.dzn,1,4,"[(u'bprolog', 837.84)]"
benchmarks/2DBinPacking/2DLevelPacking.mzn_AND_benchmarks/2DBinPacking/class_6/Class6_40_1.dzn,1,4,"[(u'bprolog', 896.72)]"
benchmarks/2DBinPacking/2DLevelPacking.mzn_AND_benchmarks/2DBinPacking/class_4/Class4_80_5.dzn,1,4,"[(u'bprolog', 874.6)]"
benchmarks/2DBinPacking/2DLevelPacking.mzn_AND_benchmarks/2DBinPacking/class_3/Class3_80_2.dzn,1,4,"[(u'bprolog', 874.75)]"
benchmarks/2DBinPacking/2DLevelPacking.mzn_AND_benchmarks/2DBinPacking/class_8/Class8_20_10.dzn,1,4,"[(u'bprolog', 897.85)]"
benchmarks/2DBinPacking/2DLevelPacking.mzn_AND_benchmarks/2DBinPacking/class_4/Class4_80_6.dzn,1,4,"[(u'bprolog', 874.55)]"
benchmarks/2DBinPacking/2DLevelPacking.mzn_AND_benchmarks/2DBinPacking/class_2/Class2_100_7.dzn,1,4,"[(u'bprolog', 837.92)]"
benchmarks/2DBinPacking/2DLevelPacking.mzn_AND_benchmarks/2DBinPacking/class_6/Class6_60_1.dzn,1,4,"[(u'bprolog', 890.5)]"
benchmarks/2DBinPacking/2DLevelPacking.mzn_AND_benchmarks/2DBinPacking/class_6/Class6_40_3.dzn,1,4,"[(u'bprolog', 896.71)]"
benchmarks/2DBinPacking/2DLevelPacking.mzn_AND_benchmarks/2DBinPacking/class_6/Class6_60_9.dzn,1,4,"[(u'bprolog', 890.12)]"
benchmarks/2DBinPacking/2DLevelPacking.mzn_AND_benchmarks/2DBinPacking/class_8/Class8_20_1.dzn,1,4,"[(u'bprolog', 897.85)]"
benchmarks/2DBinPacking/2DLevelPacking.mzn_AND_benchmarks/2DBinPacking/class_7/Class7_40_4.dzn,1,4,"[(u'bprolog', 896.74)]"
benchmarks/2DBinPacking/2DLevelPacking.mzn_AND_benchmarks/2DBinPacking/class_7/Class7_40_8.dzn,1,4,"[(u'bprolog', 896.7)]"
benchmarks/2DBinPacking/2DLevelPacking.mzn_AND_benchmarks/2DBinPacking/class_7/Class7_40_5.dzn,1,4,"[(u'bprolog', 896.71)]"
benchmarks/2DBinPacking/2DLevelPacking.mzn_AND_benchmarks/2DBinPacking/class_6/Class6_60_3.dzn,1,4,"[(u'bprolog', 890.45)]"
benchmarks/2DBinPacking/2DLevelPacking.mzn_AND_benchmarks/2DBinPacking/class_6/Class6_80_3.dzn,1,4,"[(u'bprolog', 874.86)]"
benchmarks/2DBinPacking/2DLevelPacking.mzn_AND_benchmarks/2DBinPacking/class_6/Class6_80_10.dzn,1,4,"[(u'bprolog', 874.93)]"
benchmarks/2DBinPacking/2DLevelPacking.mzn_AND_benchmarks/2DBinPacking/class_8/Class8_40_10.dzn,1,4,"[(u'bprolog', 896.71)]"
benchmarks/2DBinPacking/2DLevelPacking.mzn_AND_benchmarks/2DBinPacking/class_4/Class4_100_7.dzn,1,4,"[(u'bprolog', 837.52)]"
benchmarks/2DBinPacking/2DLevelPacking.mzn_AND_benchmarks/2DBinPacking/class_9/Class9_40_5.dzn,1,4,"[(u'bprolog', 896.72)]"
benchmarks/2DBinPacking/2DLevelPacking.mzn_AND_benchmarks/2DBinPacking/class_9/Class9_40_1.dzn,1,4,"[(u'bprolog', 896.72)]"
benchmarks/2DBinPacking/2DLevelPacking.mzn_AND_benchmarks/2DBinPacking/class_4/Class4_100_1.dzn,1,4,"[(u'bprolog', 837.05)]"
benchmarks/2DBinPacking/2DLevelPacking.mzn_AND_benchmarks/2DBinPacking/class_9/Class9_40_4.dzn,1,4,"[(u'bprolog', 896.71)]"
benchmarks/2DBinPacking/2DPacking.mzn_AND_benchmarks/2DBinPacking/class_10/Class10_20_3.dzn,1,4,"[(u'bprolog', 895.63)]"
benchmarks/2DBinPacking/2DPacking.mzn_AND_benchmarks/2DBinPacking/class_10/Class10_20_2.dzn,1,4,"[(u'bprolog', 895.63)]"
benchmarks/2DBinPacking/2DLevelPacking.mzn_AND_benchmarks/2DBinPacking/class_8/Class8_60_9.dzn,1,4,"[(u'bprolog', 890.45)]"
benchmarks/2DBinPacking/2DLevelPacking.mzn_AND_benchmarks/2DBinPacking/class_6/Class6_80_5.dzn,1,4,"[(u'bprolog', 874.85)]"
benchmarks/2DBinPacking/2DLevelPacking.mzn_AND_benchmarks/2DBinPacking/class_5/Class5_100_3.dzn,1,4,"[(u'bprolog', 837.68)]"
benchmarks/2DBinPacking/2DLevelPacking.mzn_AND_benchmarks/2DBinPacking/class_7/Class7_80_9.dzn,1,4,"[(u'bprolog', 874.79)]"
benchmarks/2DBinPacking/2DLevelPacking.mzn_AND_benchmarks/2DBinPacking/class_5/Class5_100_6.dzn,1,4,"[(u'bprolog', 838.09)]"
benchmarks/2DBinPacking/2DLevelPacking.mzn_AND_benchmarks/2DBinPacking/class_5/Class5_100_10.dzn,1,4,"[(u'bprolog', 838.17)]"
benchmarks/2DBinPacking/2DLevelPacking.mzn_AND_benchmarks/2DBinPacking/class_9/Class9_60_2.dzn,1,4,"[(u'bprolog', 890.45)]"
benchmarks/2DBinPacking/2DLevelPacking.mzn_AND_benchmarks/2DBinPacking/class_4/Class4_100_9.dzn,1,4,"[(u'bprolog', 837.96)]"
benchmarks/2DBinPacking/2DLevelPacking.mzn_AND_benchmarks/2DBinPacking/class_5/Class5_100_7.dzn,1,4,"[(u'bprolog', 837.28)]"
benchmarks/2DBinPacking/2DLevelPacking.mzn_AND_benchmarks/2DBinPacking/class_9/Class9_60_9.dzn,1,4,"[(u'bprolog', 890.47)]"
benchmarks/2DBinPacking/2DLevelPacking.mzn_AND_benchmarks/2DBinPacking/class_9/Class9_60_4.dzn,1,4,"[(u'bprolog', 890.43)]"
benchmarks/2DBinPacking/2DPacking.mzn_AND_benchmarks/2DBinPacking/class_2/Class2_20_1.dzn,1,4,"[(u'bprolog', 895.62)]"
benchmarks/2DBinPacking/2DLevelPacking.mzn_AND_benchmarks/2DBinPacking/class_8/Class8_80_10.dzn,1,4,"[(u'bprolog', 874.89)]"
benchmarks/2DBinPacking/2DLevelPacking.mzn_AND_benchmarks/2DBinPacking/class_5/Class5_100_9.dzn,1,4,"[(u'bprolog', 837.86)]"
benchmarks/2DBinPacking/2DLevelPacking.mzn_AND_benchmarks/2DBinPacking/class_8/Class8_80_3.dzn,1,4,"[(u'bprolog', 874.99)]"
benchmarks/2DBinPacking/2DLevelPacking.mzn_AND_benchmarks/2DBinPacking/class_8/Class8_80_1.dzn,1,4,"[(u'bprolog', 874.81)]"
benchmarks/2DBinPacking/2DPacking.mzn_AND_benchmarks/2DBinPacking/class_10/Class10_40_10.dzn,1,4,"[(u'bprolog', 891.79)]"
benchmarks/2DBinPacking/2DLevelPacking.mzn_AND_benchmarks/2DBinPacking/class_8/Class8_80_7.dzn,1,4,"[(u'bprolog', 874.87)]"
benchmarks/2DBinPacking/2DPacking.mzn_AND_benchmarks/2DBinPacking/class_10/Class10_40_6.dzn,1,4,"[(u'bprolog', 891.86)]"
benchmarks/2DBinPacking/2DLevelPacking.mzn_AND_benchmarks/2DBinPacking/class_6/Class6_100_7.dzn,1,4,"[(u'bprolog', 836.88)]"
benchmarks/2DBinPacking/2DLevelPacking.mzn_AND_benchmarks/2DBinPacking/class_9/Class9_80_10.dzn,1,4,"[(u'bprolog', 874.69)]"
benchmarks/2DBinPacking/2DPacking.mzn_AND_benchmarks/2DBinPacking/class_1/Class1_20_2.dzn,1,4,"[(u'bprolog', 895.63)]"
benchmarks/2DBinPacking/2DPacking.mzn_AND_benchmarks/2DBinPacking/class_4/Class4_20_3.dzn,1,4,"[(u'bprolog', 895.63)]"
benchmarks/2DBinPacking/2DPacking.mzn_AND_benchmarks/2DBinPacking/class_4/Class4_20_9.dzn,1,4,"[(u'bprolog', 895.62)]"
benchmarks/2DBinPacking/2DLevelPacking.mzn_AND_benchmarks/2DBinPacking/class_9/Class9_80_4.dzn,1,4,"[(u'bprolog', 874.79)]"
benchmarks/2DBinPacking/2DPacking.mzn_AND_benchmarks/2DBinPacking/class_10/Class10_40_3.dzn,1,4,"[(u'bprolog', 891.8)]"
benchmarks/2DBinPacking/2DLevelPacking.mzn_AND_benchmarks/2DBinPacking/class_7/Class7_100_5.dzn,1,4,"[(u'bprolog', 838.54)]"
benchmarks/2DBinPacking/2DPacking.mzn_AND_benchmarks/2DBinPacking/class_1/Class1_40_3.dzn,1,4,"[(u'bprolog', 891.87)]"
benchmarks/2DBinPacking/2DPacking.mzn_AND_benchmarks/2DBinPacking/class_6/Class6_20_10.dzn,1,4,"[(u'bprolog', 895.62)]"
benchmarks/2DBinPacking/2DPacking.mzn_AND_benchmarks/2DBinPacking/class_6/Class6_20_1.dzn,1,4,"[(u'bprolog', 895.62)]"
benchmarks/2DBinPacking/2DPacking.mzn_AND_benchmarks/2DBinPacking/class_1/Class1_20_5.dzn,1,4,"[(u'bprolog', 895.65)]"
benchmarks/2DBinPacking/2DLevelPacking.mzn_AND_benchmarks/2DBinPacking/class_7/Class7_100_2.dzn,1,4,"[(u'bprolog', 838.24)]"
benchmarks/2DBinPacking/2DLevelPacking.mzn_AND_benchmarks/2DBinPacking/class_8/Class8_100_1.dzn,1,4,"[(u'bprolog', 837.82)]"
benchmarks/2DBinPacking/2DPacking.mzn_AND_benchmarks/2DBinPacking/class_3/Class3_40_2.dzn,1,4,"[(u'bprolog', 891.85)]"
benchmarks/2DBinPacking/2DPacking.mzn_AND_benchmarks/2DBinPacking/class_5/Class5_20_2.dzn,1,4,"[(u'bprolog', 895.64)]"
benchmarks/2DBinPacking/2DPacking.mzn_AND_benchmarks/2DBinPacking/class_5/Class5_20_3.dzn,1,4,"[(u'bprolog', 895.62)]"
benchmarks/2DBinPacking/2DPacking.mzn_AND_benchmarks/2DBinPacking/class_5/Class5_20_6.dzn,1,4,"[(u'bprolog', 895.62)]"
benchmarks/2DBinPacking/2DLevelPacking.mzn_AND_benchmarks/2DBinPacking/class_8/Class8_100_8.dzn,1,4,"[(u'bprolog', 837.93)]"
benchmarks/2DBinPacking/2DPacking.mzn_AND_benchmarks/2DBinPacking/class_2/Class2_40_8.dzn,1,4,"[(u'bprolog', 891.79)]"
benchmarks/2DBinPacking/2DPacking.mzn_AND_benchmarks/2DBinPacking/class_3/Class3_40_10.dzn,1,4,"[(u'bprolog', 891.81)]"
benchmarks/2DBinPacking/2DPacking.mzn_AND_benchmarks/2DBinPacking/class_4/Class4_40_4.dzn,1,4,"[(u'bprolog', 891.81)]"
benchmarks/2DBinPacking/2DPacking.mzn_AND_benchmarks/2DBinPacking/class_6/Class6_40_2.dzn,1,4,"[(u'bprolog', 891.82)]"
benchmarks/2DBinPacking/2DPacking.mzn_AND_benchmarks/2DBinPacking/class_6/Class6_40_1.dzn,1,4,"[(u'bprolog', 891.81)]"
benchmarks/2DBinPacking/2DPacking.mzn_AND_benchmarks/2DBinPacking/class_6/Class6_40_9.dzn,1,4,"[(u'bprolog', 891.81)]"
benchmarks/2DBinPacking/2DPacking.mzn_AND_benchmarks/2DBinPacking/class_5/Class5_20_8.dzn,1,4,"[(u'bprolog', 895.64)]"
benchmarks/2DBinPacking/2DPacking.mzn_AND_benchmarks/2DBinPacking/class_7/Class7_40_3.dzn,1,4,"[(u'bprolog', 891.8)]"
benchmarks/2DBinPacking/2DPacking.mzn_AND_benchmarks/2DBinPacking/class_7/Class7_40_4.dzn,1,4,"[(u'bprolog', 891.83)]"
benchmarks/bacp/bacp-20.mzn_AND_NODATA,1,4,"[(u'bprolog', 896.93)]"
benchmarks/bacp/bacp-23.mzn_AND_NODATA,1,4,"[(u'bprolog', 896.94)]"
benchmarks/2DBinPacking/2DLevelPacking.mzn_AND_benchmarks/2DBinPacking/class_9/Class9_100_6.dzn,1,4,"[(u'bprolog', 838.22)]"
benchmarks/2DBinPacking/2DPacking.mzn_AND_benchmarks/2DBinPacking/class_7/Class7_40_9.dzn,1,4,"[(u'bprolog', 891.81)]"
benchmarks/2DBinPacking/2DPacking.mzn_AND_benchmarks/2DBinPacking/class_6/Class6_40_7.dzn,1,4,"[(u'bprolog', 891.79)]"
benchmarks/2DBinPacking/2DPacking.mzn_AND_benchmarks/2DBinPacking/class_8/Class8_20_6.dzn,1,4,"[(u'bprolog', 895.63)]"
benchmarks/2DBinPacking/2DPacking.mzn_AND_benchmarks/2DBinPacking/class_7/Class7_20_8.dzn,1,4,"[(u'bprolog', 895.63)]"
benchmarks/2DBinPacking/2DPacking.mzn_AND_benchmarks/2DBinPacking/class_8/Class8_20_9.dzn,1,4,"[(u'bprolog', 895.61)]"
benchmarks/bacp/bacp-17.mzn_AND_NODATA,1,4,"[(u'bprolog', 896.93)]"
benchmarks/bacp/bacp-28.mzn_AND_NODATA,1,4,"[(u'bprolog', 896.95)]"
benchmarks/2DBinPacking/2DPacking.mzn_AND_benchmarks/2DBinPacking/class_8/Class8_40_4.dzn,1,4,"[(u'bprolog', 891.83)]"
benchmarks/2DBinPacking/2DPacking.mzn_AND_benchmarks/2DBinPacking/class_9/Class9_20_9.dzn,1,4,"[(u'bprolog', 895.64)]"
benchmarks/bacp/bacp-15.mzn_AND_NODATA,1,4,"[(u'bprolog', 896.95)]"
benchmarks/cutstock/cutstock.mzn_AND_benchmarks/cutstock/type01_TEST8.dzn,1,4,"[(u'bprolog', 897.95)]"
benchmarks/carpet-cutting/cc_base.mzn_AND_benchmarks/carpet-cutting/mzn_rnd_test.15.dzn,1,4,"[(u'bprolog', 897.76)]"
benchmarks/cutstock/cutstock.mzn_AND_benchmarks/cutstock/type02_TEST10.dzn,1,4,"[(u'bprolog', 896.83)]"
benchmarks/cutstock/cutstock.mzn_AND_benchmarks/cutstock/type02_TEST2.dzn,1,4,"[(u'bprolog', 897.13)]"
benchmarks/2DBinPacking/2DPacking.mzn_AND_benchmarks/2DBinPacking/class_9/Class9_20_4.dzn,1,4,"[(u'bprolog', 895.63)]"
benchmarks/cutstock/cutstock.mzn_AND_benchmarks/cutstock/type03_TEST5.dzn,1,4,"[(u'bprolog', 897.84)]"
benchmarks/bus_scheduling/bus_scheduling.mzn_AND_benchmarks/bus_scheduling/r1.dzn,1,4,"[(u'bprolog', 892.12)]"
benchmarks/cutstock/cutstock.mzn_AND_benchmarks/cutstock/type04_TEST3.dzn,1,4,"[(u'bprolog', 895.48)]"
benchmarks/cutstock/cutstock.mzn_AND_benchmarks/cutstock/type04_TEST4.dzn,1,4,"[(u'bprolog', 895.49)]"
benchmarks/cutstock/cutstock.mzn_AND_benchmarks/cutstock/type02_TEST5.dzn,1,4,"[(u'bprolog', 897.0)]"
benchmarks/cutstock/cutstock.mzn_AND_benchmarks/cutstock/type01_TEST6.dzn,1,4,"[(u'bprolog', 897.95)]"
benchmarks/cutstock/cutstock.mzn_AND_benchmarks/cutstock/type09_TEST6.dzn,1,4,"[(u'bprolog', 896.03)]"
benchmarks/cutstock/cutstock.mzn_AND_benchmarks/cutstock/type09_TEST7.dzn,1,4,"[(u'bprolog', 895.55)]"
benchmarks/cutstock/cutstock.mzn_AND_benchmarks/cutstock/type04_TEST8.dzn,1,4,"[(u'bprolog', 895.53)]"
benchmarks/cutstock/cutstock.mzn_AND_benchmarks/cutstock/type09_TEST3.dzn,1,4,"[(u'bprolog', 895.78)]"
benchmarks/cutstock/cutstock.mzn_AND_benchmarks/cutstock/type09_TEST1.dzn,1,4,"[(u'bprolog', 895.76)]"
benchmarks/2DBinPacking/2DPacking.mzn_AND_benchmarks/2DBinPacking/class_9/Class9_40_1.dzn,1,4,"[(u'bprolog', 891.86)]"
benchmarks/cutstock/cutstock.mzn_AND_benchmarks/cutstock/type08_TEST9.dzn,1,4,"[(u'bprolog', 894.15)]"
benchmarks/cutstock/cutstock.mzn_AND_benchmarks/cutstock/type08_TEST7.dzn,1,4,"[(u'bprolog', 894.99)]"
benchmarks/cutstock/cutstock.mzn_AND_benchmarks/cutstock/type02_TEST3.dzn,1,4,"[(u'bprolog', 895.79)]"
benchmarks/cutstock/cutstock.mzn_AND_benchmarks/cutstock/type08_TEST8.dzn,1,4,"[(u'bprolog', 894.64)]"
benchmarks/fast-food/fastfood.mzn_AND_benchmarks/fast-food/ff3.dzn,1,4,"[(u'bprolog', 897.86)]"
benchmarks/cutstock/cutstock.mzn_AND_benchmarks/cutstock/type14_TEST6.dzn,1,4,"[(u'bprolog', 892.92)]"
benchmarks/cutstock/cutstock.mzn_AND_benchmarks/cutstock/type10_TEST3.dzn,1,4,"[(u'bprolog', 886.96)]"
benchmarks/filters/filter.mzn_AND_benchmarks/filters/fir_1_2.dzn,1,4,"[(u'bprolog', 897.92)]"
benchmarks/cutstock/cutstock.mzn_AND_benchmarks/cutstock/type14_TEST9.dzn,1,4,"[(u'bprolog', 893.22)]"
benchmarks/cyclic-rcpsp/rcmsp.mzn_AND_benchmarks/cyclic-rcpsp/hard_11.dzn,1,4,"[(u'bprolog', 897.45)]"
benchmarks/cyclic-rcpsp/rcmsp.mzn_AND_benchmarks/cyclic-rcpsp/easy_3.dzn,1,4,"[(u'bprolog', 896.89)]"
benchmarks/filters/filter.mzn_AND_benchmarks/filters/fir_1_1.dzn,1,4,"[(u'bprolog', 897.92)]"
benchmarks/cyclic-rcpsp/rcmsp.mzn_AND_benchmarks/cyclic-rcpsp/hard_3.dzn,1,4,"[(u'bprolog', 897.06)]"
benchmarks/cutstock/cutstock.mzn_AND_benchmarks/cutstock/type15_TEST1.dzn,1,4,"[(u'bprolog', 895.64)]"
benchmarks/depot-placement/depot_placement.mzn_AND_benchmarks/depot-placement/ulysses22_5.dzn,1,4,"[(u'bprolog', 897.92)]"
benchmarks/evilshop/evilshop.mzn_AND_benchmarks/evilshop/js-setf3-8.dzn,1,4,"[(u'bprolog', 897.89)]"
benchmarks/filters/filter.mzn_AND_benchmarks/filters/ewf_2_2.dzn,1,4,"[(u'bprolog', 897.92)]"
benchmarks/cyclic-rcpsp/rcmsp.mzn_AND_benchmarks/cyclic-rcpsp/hard_5.dzn,1,4,"[(u'bprolog', 897.61)]"
benchmarks/evilshop/evilshop.mzn_AND_benchmarks/evilshop/js-ges1-5.dzn,1,4,"[(u'bprolog', 897.89)]"
benchmarks/ghoulomb/ghoulomb.mzn_AND_benchmarks/ghoulomb/4-10-20.dzn,1,4,"[(u'bprolog', 897.28)]"
benchmarks/evilshop/evilshop.mzn_AND_benchmarks/evilshop/js-setg2-10.dzn,1,4,"[(u'bprolog', 897.89)]"
benchmarks/jobshop2/jobshop.mzn_AND_benchmarks/jobshop2/mt10.dzn,1,4,"[(u'bprolog', 897.9)]"
benchmarks/jobshop/jobshop.mzn_AND_benchmarks/jobshop/jobshop_la05.dzn,1,4,"[(u'bprolog', 897.84)]"
benchmarks/jobshop2/jobshop.mzn_AND_benchmarks/jobshop2/abz6.dzn,1,4,"[(u'bprolog', 897.89)]"
benchmarks/jobshop/jobshop.mzn_AND_benchmarks/jobshop/jobshop_ft20.dzn,1,4,"[(u'bprolog', 896.48)]"
benchmarks/jobshop/jobshop.mzn_AND_benchmarks/jobshop/jobshop_la08.dzn,1,4,"[(u'bprolog', 897.45)]"
benchmarks/jobshop/jobshop.mzn_AND_benchmarks/jobshop/jobshop_la02.dzn,1,4,"[(u'bprolog', 897.84)]"
benchmarks/jobshop2/jobshop.mzn_AND_benchmarks/jobshop2/la03.dzn,1,4,"[(u'bprolog', 897.91)]"
benchmarks/filters/filter.mzn_AND_benchmarks/filters/fir16_1_3.dzn,1,4,"[(u'bprolog', 897.92)]"
benchmarks/cyclic-rcpsp/rcmsp.mzn_AND_benchmarks/cyclic-rcpsp/medium_1.dzn,1,4,"[(u'bprolog', 897.76)]"
benchmarks/jobshop/jobshop.mzn_AND_benchmarks/jobshop/jobshop_orb02.dzn,1,4,"[(u'bprolog', 897.59)]"
benchmarks/jobshop/jobshop.mzn_AND_benchmarks/jobshop/jobshop_la15.dzn,1,4,"[(u'bprolog', 896.49)]"
benchmarks/jobshop/jobshop.mzn_AND_benchmarks/jobshop/jobshop_la27.dzn,1,4,"[(u'bprolog', 891.54)]"
benchmarks/jobshop/jobshop.mzn_AND_benchmarks/jobshop/jobshop_orb10.dzn,1,4,"[(u'bprolog', 897.58)]"
benchmarks/jobshop/jobshop.mzn_AND_benchmarks/jobshop/jobshop_la37.dzn,1,4,"[(u'bprolog', 894.63)]"
benchmarks/jobshop/jobshop.mzn_AND_benchmarks/jobshop/jobshop_la06.dzn,1,4,"[(u'bprolog', 897.45)]"
benchmarks/prize-collecting/pc.mzn_AND_benchmarks/prize-collecting/25-5-5-2.dzn,1,4,"[(u'bprolog', 897.45)]"
benchmarks/prize-collecting/pc.mzn_AND_benchmarks/prize-collecting/25-5-5-3.dzn,1,4,"[(u'bprolog', 897.47)]"
benchmarks/grid-colouring/GridColoring.mzn_AND_benchmarks/grid-colouring/7_8.dzn,1,4,"[(u'bprolog', 897.76)]"
benchmarks/open_stacks/open_stacks_01.mzn_AND_benchmarks/open_stacks/problem_30_15.dzn,1,4,"[(u'bprolog', 896.02)]"
benchmarks/prize-collecting/pc.mzn_AND_benchmarks/prize-collecting/28-4-7-4.dzn,1,4,"[(u'bprolog', 897.22)]"
benchmarks/prize-collecting/pc.mzn_AND_benchmarks/prize-collecting/28-4-7-7.dzn,1,4,"[(u'bprolog', 897.23)]"
benchmarks/prize-collecting/pc.mzn_AND_benchmarks/prize-collecting/30-5-6-5.dzn,1,4,"[(u'bprolog', 897.04)]"
benchmarks/prize-collecting/pc.mzn_AND_benchmarks/prize-collecting/25-5-5-5.dzn,1,4,"[(u'bprolog', 897.47)]"
benchmarks/radiation/radiation.mzn_AND_benchmarks/radiation/01.dzn,1,4,"[(u'bprolog', 897.9)]"
benchmarks/jobshop/jobshop.mzn_AND_benchmarks/jobshop/jobshop_orb04.dzn,1,4,"[(u'bprolog', 897.59)]"
benchmarks/open_stacks/open_stacks_01.mzn_AND_benchmarks/open_stacks/problem_10_20_1.dzn,1,4,"[(u'bprolog', 897.52)]"
benchmarks/prize-collecting/pc.mzn_AND_benchmarks/prize-collecting/30-5-6-8.dzn,1,4,"[(u'bprolog', 897.03)]"
benchmarks/jobshop/jobshop.mzn_AND_benchmarks/jobshop/jobshop_swv07.dzn,1,4,"[(u'bprolog', 890.33)]"
benchmarks/radiation/radiation.mzn_AND_benchmarks/radiation/08.dzn,1,4,"[(u'bprolog', 897.79)]"
benchmarks/prize-collecting/pc.mzn_AND_benchmarks/prize-collecting/24-4-6-8.dzn,1,4,"[(u'bprolog', 897.53)]"
benchmarks/rcpsp/rcpsp.mzn_AND_benchmarks/rcpsp/data_at/st103/st103_25.dzn,1,4,"[(u'bprolog', 897.47)]"
benchmarks/open_stacks/open_stacks_01.mzn_AND_benchmarks/open_stacks/wbp_15_30_1.dzn,1,4,"[(u'bprolog', 896.15)]"
benchmarks/open_stacks/open_stacks_01.mzn_AND_benchmarks/open_stacks/wbo_30_30_1.dzn,1,4,"[(u'bprolog', 893.01)]"
benchmarks/prize-collecting/pc.mzn_AND_benchmarks/prize-collecting/32-4-8-9.dzn,1,4,"[(u'bprolog', 896.76)]"
benchmarks/open_stacks/open_stacks_01.mzn_AND_benchmarks/open_stacks/problem_15_30_1.dzn,1,4,"[(u'bprolog', 896.13)]"
benchmarks/jobshop/jobshop.mzn_AND_benchmarks/jobshop/jobshop_la34.dzn,1,4,"[(u'bprolog', 880.51)]"
benchmarks/rcpsp-max/rcpsp_max.mzn_AND_benchmarks/rcpsp-max/psp_j30_33.dzn,1,4,"[(u'bprolog', 894.71)]"
benchmarks/rcpsp/rcpsp.mzn_AND_benchmarks/rcpsp/data_at/st103/st103_18.dzn,1,4,"[(u'bprolog', 897.48)]"
benchmarks/rcpsp/rcpsp.mzn_AND_benchmarks/rcpsp/data_at/st103/st103_19.dzn,1,4,"[(u'bprolog', 892.64)]"
benchmarks/pattern-set-mining/pattern_set_mining_k1.mzn_AND_benchmarks/pattern-set-mining/vehicle.dzn,1,4,"[(u'bprolog', 874.78)]"
benchmarks/rcpsp/rcpsp.mzn_AND_benchmarks/rcpsp/data_at/st27/st27_46.dzn,1,4,"[(u'bprolog', 897.81)]"
benchmarks/rcpsp/rcpsp.mzn_AND_benchmarks/rcpsp/data_at/st103/st103_16.dzn,1,4,"[(u'bprolog', 886.66)]"
benchmarks/rcpsp/rcpsp.mzn_AND_benchmarks/rcpsp/data_at/st103/st103_1.dzn,1,4,"[(u'bprolog', 897.48)]"
benchmarks/rcpsp/rcpsp.mzn_AND_benchmarks/rcpsp/data_at/st103/st103_31.dzn,1,4,"[(u'bprolog', 890.52)]"
benchmarks/rcpsp/rcpsp.mzn_AND_benchmarks/rcpsp/data_at/st27/st27_14.dzn,1,4,"[(u'bprolog', 897.81)]"
benchmarks/rcpsp/rcpsp.mzn_AND_benchmarks/rcpsp/data_at/st103/st103_30.dzn,1,4,"[(u'bprolog', 892.23)]"
benchmarks/rcpsp/rcpsp.mzn_AND_benchmarks/rcpsp/data_at/st103/st103_39.dzn,1,4,"[(u'bprolog', 890.41)]"
benchmarks/rcpsp/rcpsp.mzn_AND_benchmarks/rcpsp/data_at/st103/st103_32.dzn,1,4,"[(u'bprolog', 886.41)]"
benchmarks/rcpsp/rcpsp.mzn_AND_benchmarks/rcpsp/data_at/st103/st103_46.dzn,1,4,"[(u'bprolog', 891.96)]"
benchmarks/pattern-set-mining/pattern_set_mining_k2.mzn_AND_benchmarks/pattern-set-mining/ionosphere.dzn,1,4,"[(u'bprolog', 853.62)]"
benchmarks/rcpsp/rcpsp.mzn_AND_benchmarks/rcpsp/data_at/st103/st103_35.dzn,1,4,"[(u'bprolog', 892.64)]"
benchmarks/rcpsp/rcpsp.mzn_AND_benchmarks/rcpsp/data_at/st103/st103_20.dzn,1,4,"[(u'bprolog', 875.13)]"
benchmarks/rcpsp/rcpsp.mzn_AND_benchmarks/rcpsp/data_at/st27/st27_38.dzn,1,4,"[(u'bprolog', 897.76)]"
benchmarks/rcpsp/rcpsp.mzn_AND_benchmarks/rcpsp/data_bl/Bl2510.dzn,1,4,"[(u'bprolog', 897.9)]"
benchmarks/rcpsp/rcpsp.mzn_AND_benchmarks/rcpsp/data_at/st27/st27_39.dzn,1,4,"[(u'bprolog', 897.66)]"
benchmarks/rcpsp/rcpsp.mzn_AND_benchmarks/rcpsp/data_bl/Bl2518.dzn,1,4,"[(u'bprolog', 897.9)]"
benchmarks/rcpsp/rcpsp.mzn_AND_benchmarks/rcpsp/data_at/st103/st103_8.dzn,1,4,"[(u'bprolog', 885.67)]"
benchmarks/rcpsp/rcpsp.mzn_AND_benchmarks/rcpsp/data_bl/Bl2516.dzn,1,4,"[(u'bprolog', 897.9)]"
benchmarks/rcpsp/rcpsp.mzn_AND_benchmarks/rcpsp/data_at/st51/st51_2.dzn,1,4,"[(u'bprolog', 897.81)]"
benchmarks/rcpsp/rcpsp.mzn_AND_benchmarks/rcpsp/data_at/st51/st51_15.dzn,1,4,"[(u'bprolog', 894.28)]"
benchmarks/rcpsp/rcpsp.mzn_AND_benchmarks/rcpsp/data_ksd15_d/j3037_3.dzn,1,4,"[(u'bprolog', 897.91)]"
benchmarks/rcpsp/rcpsp.mzn_AND_benchmarks/rcpsp/data_at/st51/st51_30.dzn,1,4,"[(u'bprolog', 896.42)]"
benchmarks/rcpsp/rcpsp.mzn_AND_benchmarks/rcpsp/data_at/st51/st51_20.dzn,1,4,"[(u'bprolog', 893.35)]"
benchmarks/rcpsp/rcpsp.mzn_AND_benchmarks/rcpsp/data_ksd15_d/j3011_8.dzn,1,4,"[(u'bprolog', 897.92)]"
benchmarks/rcpsp/rcpsp.mzn_AND_benchmarks/rcpsp/data_ksd15_d/j3013_10.dzn,1,4,"[(u'bprolog', 897.92)]"
benchmarks/rcpsp/rcpsp.mzn_AND_benchmarks/rcpsp/data_at/st51/st51_37.dzn,1,4,"[(u'bprolog', 897.47)]"
benchmarks/rcpsp/rcpsp.mzn_AND_benchmarks/rcpsp/data_ksd15_d/j301_7.dzn,1,4,"[(u'bprolog', 897.91)]"
benchmarks/rcpsp/rcpsp.mzn_AND_benchmarks/rcpsp/data_ksd15_d/j309_4.dzn,1,4,"[(u'bprolog', 897.9)]"
benchmarks/rcpsp/rcpsp.mzn_AND_benchmarks/rcpsp/data_ksd15_d/j3025_1.dzn,1,4,"[(u'bprolog', 897.91)]"
benchmarks/rcpsp/rcpsp.mzn_AND_benchmarks/rcpsp/data_ksd15_d/j3025_6.dzn,1,4,"[(u'bprolog', 897.91)]"
benchmarks/rcpsp/rcpsp.mzn_AND_benchmarks/rcpsp/data_ksd15_d/j3029_4.dzn,1,4,"[(u'bprolog', 897.87)]"
benchmarks/rcpsp/rcpsp.mzn_AND_benchmarks/rcpsp/data_ksd15_d/j3033_4.dzn,1,4,"[(u'bprolog', 897.9)]"
benchmarks/rcpsp/rcpsp.mzn_AND_benchmarks/rcpsp/data_ksd15_d/j3029_9.dzn,1,4,"[(u'bprolog', 897.89)]"
benchmarks/rcpsp/rcpsp.mzn_AND_benchmarks/rcpsp/data_at/st51/st51_4.dzn,1,4,"[(u'bprolog', 893.35)]"
benchmarks/rcpsp/rcpsp.mzn_AND_benchmarks/rcpsp/data_ksd15_d/j3041_2.dzn,1,4,"[(u'bprolog', 897.88)]"
benchmarks/rcpsp/rcpsp.mzn_AND_benchmarks/rcpsp/data_ksd15_d/j3041_8.dzn,1,4,"[(u'bprolog', 897.91)]"
benchmarks/rcpsp/rcpsp.mzn_AND_benchmarks/rcpsp/data_ksd15_d/j3045_10.dzn,1,4,"[(u'bprolog', 897.86)]"
benchmarks/rcpsp/rcpsp.mzn_AND_benchmarks/rcpsp/data_ksd15_d/j3045_8.dzn,1,4,"[(u'bprolog', 897.87)]"
benchmarks/rcpsp/rcpsp.mzn_AND_benchmarks/rcpsp/data_ksd15_d/j3027_4.dzn,1,4,"[(u'bprolog', 897.92)]"
benchmarks/rcpsp/rcpsp.mzn_AND_benchmarks/rcpsp/data_ksd15_d/j305_7.dzn,1,4,"[(u'bprolog', 897.89)]"
benchmarks/rcpsp/rcpsp.mzn_AND_benchmarks/rcpsp/data_ksd15_d/j3026_10.dzn,1,4,"[(u'bprolog', 897.92)]"
benchmarks/rcpsp/rcpsp.mzn_AND_benchmarks/rcpsp/data_ksd15_d/j309_2.dzn,1,4,"[(u'bprolog', 897.89)]"
benchmarks/rcpsp/rcpsp.mzn_AND_benchmarks/rcpsp/data_la_x/la01_x2.dzn,1,4,"[(u'bprolog', 897.6)]"
benchmarks/rcpsp/rcpsp.mzn_AND_benchmarks/rcpsp/data_ksd15_d/j3014_2.dzn,1,4,"[(u'bprolog', 897.92)]"
benchmarks/rcpsp/rcpsp.mzn_AND_benchmarks/rcpsp/data_la_x/la04_x2.dzn,1,4,"[(u'bprolog', 897.59)]"
benchmarks/rcpsp/rcpsp.mzn_AND_benchmarks/rcpsp/data_la_x/la09_x2.dzn,1,4,"[(u'bprolog', 897.16)]"
benchmarks/rcpsp/rcpsp.mzn_AND_benchmarks/rcpsp/data_la_x/la14_x2.dzn,1,4,"[(u'bprolog', 896.55)]"
benchmarks/rcpsp/rcpsp.mzn_AND_benchmarks/rcpsp/data_la_x/la03_x2.dzn,1,4,"[(u'bprolog', 897.6)]"
benchmarks/rcpsp/rcpsp.mzn_AND_benchmarks/rcpsp/data_la_x/la02_x3.dzn,1,4,"[(u'bprolog', 897.16)]"
benchmarks/rcpsp/rcpsp.mzn_AND_benchmarks/rcpsp/data_la_x/la18_x2.dzn,1,4,"[(u'bprolog', 895.38)]"
benchmarks/rcpsp/rcpsp.mzn_AND_benchmarks/rcpsp/data_la_x/la16_x3.dzn,1,4,"[(u'bprolog', 891.77)]"
benchmarks/rcpsp/rcpsp.mzn_AND_benchmarks/rcpsp/data_pack_d/pack014.dzn,1,4,"[(u'bprolog', 897.82)]"
benchmarks/rcpsp/rcpsp.mzn_AND_benchmarks/rcpsp/data_pack_d/pack015.dzn,1,4,"[(u'bprolog', 897.85)]"
benchmarks/rcpsp/rcpsp.mzn_AND_benchmarks/rcpsp/data_pack_d/pack021.dzn,1,4,"[(u'bprolog', 897.8)]"
benchmarks/rcpsp/rcpsp.mzn_AND_benchmarks/rcpsp/data_pack_d/pack025.dzn,1,4,"[(u'bprolog', 897.49)]"
benchmarks/rcpsp/rcpsp.mzn_AND_benchmarks/rcpsp/data_la_x/la26_x2.dzn,1,4,"[(u'bprolog', 886.0)]"
benchmarks/rcpsp/rcpsp.mzn_AND_benchmarks/rcpsp/data_pack_d/pack011.dzn,1,4,"[(u'bprolog', 897.8)]"
benchmarks/rcpsp/rcpsp.mzn_AND_benchmarks/rcpsp/data_pack_d/pack041.dzn,1,4,"[(u'bprolog', 897.91)]"
benchmarks/rcpsp/rcpsp.mzn_AND_benchmarks/rcpsp/data_la_x/la30_x2.dzn,1,4,"[(u'bprolog', 885.98)]"
benchmarks/rcpsp/rcpsp.mzn_AND_benchmarks/rcpsp/data_la_x/la21_x3.dzn,1,4,"[(u'bprolog', 881.77)]"
benchmarks/rcpsp/rcpsp.mzn_AND_benchmarks/rcpsp/data_pack_d/pack034.dzn,1,4,"[(u'bprolog', 897.93)]"
benchmarks/rcpsp/rcpsp.mzn_AND_benchmarks/rcpsp/data_la_x/la24_x3.dzn,1,4,"[(u'bprolog', 881.87)]"
benchmarks/rcpsp/rcpsp.mzn_AND_benchmarks/rcpsp/data_pack_d/pack008.dzn,1,4,"[(u'bprolog', 897.87)]"
benchmarks/rcpsp/rcpsp.mzn_AND_benchmarks/rcpsp/data_pack/pack016.dzn,1,4,"[(u'bprolog', 897.58)]"
benchmarks/pattern-set-mining/pattern_set_mining_k1.mzn_AND_benchmarks/pattern-set-mining/segment.dzn,1,4,"[(u'bprolog', 746.59)]"
benchmarks/rcpsp/rcpsp.mzn_AND_benchmarks/rcpsp/data_pack/pack019.dzn,1,4,"[(u'bprolog', 897.73)]"
benchmarks/rcpsp/rcpsp.mzn_AND_benchmarks/rcpsp/data_pack_d/pack050.dzn,1,4,"[(u'bprolog', 897.9)]"
benchmarks/rcpsp/rcpsp.mzn_AND_benchmarks/rcpsp/data_pack/pack008.dzn,1,4,"[(u'bprolog', 897.87)]"
benchmarks/rcpsp/rcpsp.mzn_AND_benchmarks/rcpsp/data_pack_d/pack042.dzn,1,4,"[(u'bprolog', 897.88)]"
benchmarks/rcpsp/rcpsp.mzn_AND_benchmarks/rcpsp/data_psplib/j120/J120_15_1.dzn,1,4,"[(u'bprolog', 897.51)]"
benchmarks/rcpsp/rcpsp.mzn_AND_benchmarks/rcpsp/data_pack/pack035.dzn,1,4,"[(u'bprolog', 897.91)]"
benchmarks/rcpsp/rcpsp.mzn_AND_benchmarks/rcpsp/data_psplib/j120/J120_11_1.dzn,1,4,"[(u'bprolog', 896.66)]"
benchmarks/rcpsp/rcpsp.mzn_AND_benchmarks/rcpsp/data_pack/pack040.dzn,1,4,"[(u'bprolog', 897.9)]"
benchmarks/rcpsp/rcpsp.mzn_AND_benchmarks/rcpsp/data_psplib/j120/J120_13_4.dzn,1,4,"[(u'bprolog', 897.5)]"
benchmarks/rcpsp/rcpsp.mzn_AND_benchmarks/rcpsp/data_pack/pack052.dzn,1,4,"[(u'bprolog', 897.91)]"
benchmarks/rcpsp/rcpsp.mzn_AND_benchmarks/rcpsp/data_psplib/j120/J120_19_1.dzn,1,4,"[(u'bprolog', 897.5)]"
benchmarks/rcpsp/rcpsp.mzn_AND_benchmarks/rcpsp/data_psplib/j120/J120_11_5.dzn,1,4,"[(u'bprolog', 893.0)]"
benchmarks/rcpsp/rcpsp.mzn_AND_benchmarks/rcpsp/data_psplib/j120/J120_16_1.dzn,1,4,"[(u'bprolog', 897.49)]"
benchmarks/rcpsp/rcpsp.mzn_AND_benchmarks/rcpsp/data_psplib/j120/J120_13_9.dzn,1,4,"[(u'bprolog', 897.51)]"
benchmarks/rcpsp/rcpsp.mzn_AND_benchmarks/rcpsp/data_psplib/j120/J120_12_9.dzn,1,4,"[(u'bprolog', 897.51)]"
benchmarks/rcpsp/rcpsp.mzn_AND_benchmarks/rcpsp/data_psplib/j120/J120_19_10.dzn,1,4,"[(u'bprolog', 897.48)]"
benchmarks/rcpsp/rcpsp.mzn_AND_benchmarks/rcpsp/data_psplib/j120/J120_11_3.dzn,1,4,"[(u'bprolog', 892.97)]"
benchmarks/rcpsp/rcpsp.mzn_AND_benchmarks/rcpsp/data_psplib/j120/J120_16_8.dzn,1,4,"[(u'bprolog', 897.43)]"
benchmarks/rcpsp/rcpsp.mzn_AND_benchmarks/rcpsp/data_psplib/j120/J120_12_5.dzn,1,4,"[(u'bprolog', 897.5)]"
benchmarks/rcpsp/rcpsp.mzn_AND_benchmarks/rcpsp/data_psplib/j120/J120_17_2.dzn,1,4,"[(u'bprolog', 897.49)]"
benchmarks/rcpsp/rcpsp.mzn_AND_benchmarks/rcpsp/data_psplib/j120/J120_17_3.dzn,1,4,"[(u'bprolog', 897.5)]"
benchmarks/rcpsp/rcpsp.mzn_AND_benchmarks/rcpsp/data_psplib/j120/J120_17_7.dzn,1,4,"[(u'bprolog', 897.47)]"
benchmarks/rcpsp/rcpsp.mzn_AND_benchmarks/rcpsp/data_psplib/j120/J120_1_4.dzn,1,4,"[(u'bprolog', 896.81)]"
benchmarks/rcpsp/rcpsp.mzn_AND_benchmarks/rcpsp/data_psplib/j120/J120_18_3.dzn,1,4,"[(u'bprolog', 897.47)]"
benchmarks/rcpsp/rcpsp.mzn_AND_benchmarks/rcpsp/data_psplib/j120/J120_20_5.dzn,1,4,"[(u'bprolog', 897.5)]"
benchmarks/rcpsp/rcpsp.mzn_AND_benchmarks/rcpsp/data_psplib/j120/J120_1_7.dzn,1,4,"[(u'bprolog', 896.89)]"
benchmarks/rcpsp/rcpsp.mzn_AND_benchmarks/rcpsp/data_psplib/j120/J120_16_4.dzn,1,4,"[(u'bprolog', 897.49)]"
benchmarks/rcpsp/rcpsp.mzn_AND_benchmarks/rcpsp/data_psplib/j120/J120_13_10.dzn,1,4,"[(u'bprolog', 897.51)]"
benchmarks/rcpsp/rcpsp.mzn_AND_benchmarks/rcpsp/data_psplib/j120/J120_19_8.dzn,1,4,"[(u'bprolog', 897.49)]"
benchmarks/rcpsp/rcpsp.mzn_AND_benchmarks/rcpsp/data_psplib/j120/J120_19_9.dzn,1,4,"[(u'bprolog', 897.49)]"
benchmarks/rcpsp/rcpsp.mzn_AND_benchmarks/rcpsp/data_psplib/j120/J120_14_7.dzn,1,4,"[(u'bprolog', 897.5)]"
benchmarks/rcpsp/rcpsp.mzn_AND_benchmarks/rcpsp/data_psplib/j120/J120_1_9.dzn,1,4,"[(u'bprolog', 896.79)]"
benchmarks/rcpsp/rcpsp.mzn_AND_benchmarks/rcpsp/data_psplib/j120/J120_2_10.dzn,1,4,"[(u'bprolog', 897.39)]"
benchmarks/rcpsp/rcpsp.mzn_AND_benchmarks/rcpsp/data_pack_d/pack036.dzn,1,4,"[(u'bprolog', 897.92)]"
benchmarks/rcpsp/rcpsp.mzn_AND_benchmarks/rcpsp/data_psplib/j120/J120_21_10.dzn,1,4,"[(u'bprolog', 896.99)]"
benchmarks/rcpsp/rcpsp.mzn_AND_benchmarks/rcpsp/data_psplib/j120/J120_2_1.dzn,1,4,"[(u'bprolog', 897.39)]"
benchmarks/rcpsp/rcpsp.mzn_AND_benchmarks/rcpsp/data_psplib/j120/J120_28_3.dzn,1,4,"[(u'bprolog', 897.51)]"
benchmarks/rcpsp/rcpsp.mzn_AND_benchmarks/rcpsp/data_psplib/j120/J120_18_8.dzn,1,4,"[(u'bprolog', 897.48)]"
benchmarks/rcpsp/rcpsp.mzn_AND_benchmarks/rcpsp/data_psplib/j120/J120_19_6.dzn,1,4,"[(u'bprolog', 897.5)]"
benchmarks/rcpsp/rcpsp.mzn_AND_benchmarks/rcpsp/data_psplib/j120/J120_26_10.dzn,1,4,"[(u'bprolog', 892.68)]"
benchmarks/rcpsp/rcpsp.mzn_AND_benchmarks/rcpsp/data_psplib/j120/J120_21_8.dzn,1,4,"[(u'bprolog', 897.0)]"
benchmarks/rcpsp/rcpsp.mzn_AND_benchmarks/rcpsp/data_psplib/j120/J120_2_7.dzn,1,4,"[(u'bprolog', 897.32)]"
benchmarks/rcpsp/rcpsp.mzn_AND_benchmarks/rcpsp/data_psplib/j120/J120_28_2.dzn,1,4,"[(u'bprolog', 897.52)]"
benchmarks/rcpsp/rcpsp.mzn_AND_benchmarks/rcpsp/data_psplib/j120/J120_34_10.dzn,1,4,"[(u'bprolog', 897.49)]"
benchmarks/rcpsp/rcpsp.mzn_AND_benchmarks/rcpsp/data_psplib/j120/J120_2_8.dzn,1,4,"[(u'bprolog', 897.34)]"
benchmarks/jobshop/jobshop.mzn_AND_benchmarks/jobshop/jobshop_swv13.dzn,1,4,"[(u'bprolog', 712.25)]"
benchmarks/rcpsp/rcpsp.mzn_AND_benchmarks/rcpsp/data_psplib/j120/J120_26_9.dzn,1,4,"[(u'bprolog', 893.15)]"
benchmarks/rcpsp/rcpsp.mzn_AND_benchmarks/rcpsp/data_psplib/j120/J120_17_8.dzn,1,4,"[(u'bprolog', 897.48)]"
benchmarks/rcpsp/rcpsp.mzn_AND_benchmarks/rcpsp/data_psplib/j120/J120_32_2.dzn,1,4,"[(u'bprolog', 897.5)]"
benchmarks/rcpsp/rcpsp.mzn_AND_benchmarks/rcpsp/data_psplib/j120/J120_40_5.dzn,1,4,"[(u'bprolog', 897.48)]"
benchmarks/rcpsp/rcpsp.mzn_AND_benchmarks/rcpsp/data_psplib/j120/J120_35_1.dzn,1,4,"[(u'bprolog', 897.49)]"
benchmarks/rcpsp/rcpsp.mzn_AND_benchmarks/rcpsp/data_psplib/j120/J120_31_3.dzn,1,4,"[(u'bprolog', 895.32)]"
benchmarks/rcpsp/rcpsp.mzn_AND_benchmarks/rcpsp/data_psplib/j120/J120_29_10.dzn,1,4,"[(u'bprolog', 897.51)]"
benchmarks/rcpsp/rcpsp.mzn_AND_benchmarks/rcpsp/data_psplib/j120/J120_34_1.dzn,1,4,"[(u'bprolog', 897.49)]"
benchmarks/rcpsp/rcpsp.mzn_AND_benchmarks/rcpsp/data_psplib/j120/J120_37_2.dzn,1,4,"[(u'bprolog', 897.49)]"
benchmarks/rcpsp/rcpsp.mzn_AND_benchmarks/rcpsp/data_psplib/j120/J120_35_2.dzn,1,4,"[(u'bprolog', 897.5)]"
benchmarks/rcpsp/rcpsp.mzn_AND_benchmarks/rcpsp/data_psplib/j120/J120_38_4.dzn,1,4,"[(u'bprolog', 897.5)]"
benchmarks/rcpsp/rcpsp.mzn_AND_benchmarks/rcpsp/data_psplib/j120/J120_38_6.dzn,1,4,"[(u'bprolog', 897.5)]"
benchmarks/rcpsp/rcpsp.mzn_AND_benchmarks/rcpsp/data_psplib/j120/J120_36_2.dzn,1,4,"[(u'bprolog', 896.89)]"
benchmarks/rcpsp/rcpsp.mzn_AND_benchmarks/rcpsp/data_psplib/j120/J120_36_1.dzn,1,4,"[(u'bprolog', 897.05)]"
benchmarks/rcpsp/rcpsp.mzn_AND_benchmarks/rcpsp/data_psplib/j120/J120_39_4.dzn,1,4,"[(u'bprolog', 897.49)]"
benchmarks/rcpsp/rcpsp.mzn_AND_benchmarks/rcpsp/data_psplib/j120/J120_39_9.dzn,1,4,"[(u'bprolog', 897.49)]"
benchmarks/rcpsp/rcpsp.mzn_AND_benchmarks/rcpsp/data_psplib/j120/J120_37_3.dzn,1,4,"[(u'bprolog', 897.48)]"
benchmarks/rcpsp/rcpsp.mzn_AND_benchmarks/rcpsp/data_psplib/j120/J120_28_4.dzn,1,4,"[(u'bprolog', 897.51)]"
benchmarks/rcpsp/rcpsp.mzn_AND_benchmarks/rcpsp/data_psplib/j120/J120_32_10.dzn,1,4,"[(u'bprolog', 897.5)]"
benchmarks/rcpsp/rcpsp.mzn_AND_benchmarks/rcpsp/data_psplib/j120/J120_39_8.dzn,1,4,"[(u'bprolog', 897.48)]"
benchmarks/rcpsp/rcpsp.mzn_AND_benchmarks/rcpsp/data_psplib/j120/J120_40_2.dzn,1,4,"[(u'bprolog', 897.5)]"
benchmarks/rcpsp/rcpsp.mzn_AND_benchmarks/rcpsp/data_psplib/j120/J120_40_9.dzn,1,4,"[(u'bprolog', 897.49)]"
benchmarks/rcpsp/rcpsp.mzn_AND_benchmarks/rcpsp/data_psplib/j120/J120_2_5.dzn,1,4,"[(u'bprolog', 897.21)]"
benchmarks/rcpsp/rcpsp.mzn_AND_benchmarks/rcpsp/data_psplib/j120/J120_44_2.dzn,1,4,"[(u'bprolog', 897.48)]"
benchmarks/rcpsp/rcpsp.mzn_AND_benchmarks/rcpsp/data_psplib/j120/J120_48_10.dzn,1,4,"[(u'bprolog', 897.47)]"
benchmarks/rcpsp/rcpsp.mzn_AND_benchmarks/rcpsp/data_psplib/j120/J120_33_7.dzn,1,4,"[(u'bprolog', 897.48)]"
benchmarks/rcpsp/rcpsp.mzn_AND_benchmarks/rcpsp/data_psplib/j120/J120_54_2.dzn,1,4,"[(u'bprolog', 897.49)]"
benchmarks/rcpsp/rcpsp.mzn_AND_benchmarks/rcpsp/data_psplib/j120/J120_46_6.dzn,1,4,"[(u'bprolog', 892.7)]"
benchmarks/rcpsp/rcpsp.mzn_AND_benchmarks/rcpsp/data_psplib/j120/J120_26_7.dzn,1,4,"[(u'bprolog', 893.38)]"
benchmarks/rcpsp/rcpsp.mzn_AND_benchmarks/rcpsp/data_psplib/j120/J120_51_1.dzn,1,4,"[(u'bprolog', 892.78)]"
benchmarks/rcpsp/rcpsp.mzn_AND_benchmarks/rcpsp/data_psplib/j120/J120_47_9.dzn,1,4,"[(u'bprolog', 897.12)]"
benchmarks/rcpsp/rcpsp.mzn_AND_benchmarks/rcpsp/data_psplib/j120/J120_51_3.dzn,1,4,"[(u'bprolog', 892.51)]"
benchmarks/rcpsp/rcpsp.mzn_AND_benchmarks/rcpsp/data_psplib/j120/J120_53_5.dzn,1,4,"[(u'bprolog', 897.5)]"
benchmarks/rcpsp/rcpsp.mzn_AND_benchmarks/rcpsp/data_psplib/j120/J120_53_8.dzn,1,4,"[(u'bprolog', 897.48)]"
benchmarks/rcpsp/rcpsp.mzn_AND_benchmarks/rcpsp/data_psplib/j120/J120_46_4.dzn,1,4,"[(u'bprolog', 892.95)]"
benchmarks/rcpsp/rcpsp.mzn_AND_benchmarks/rcpsp/data_psplib/j120/J120_43_6.dzn,1,4,"[(u'bprolog', 897.35)]"
benchmarks/rcpsp/rcpsp.mzn_AND_benchmarks/rcpsp/data_psplib/j120/J120_53_4.dzn,1,4,"[(u'bprolog', 897.5)]"
benchmarks/rcpsp/rcpsp.mzn_AND_benchmarks/rcpsp/data_psplib/j120/J120_58_2.dzn,1,4,"[(u'bprolog', 897.47)]"
benchmarks/rcpsp/rcpsp.mzn_AND_benchmarks/rcpsp/data_psplib/j120/J120_49_7.dzn,1,4,"[(u'bprolog', 897.51)]"
benchmarks/rcpsp/rcpsp.mzn_AND_benchmarks/rcpsp/data_psplib/j120/J120_9_3.dzn,1,4,"[(u'bprolog', 897.51)]"
benchmarks/rcpsp/rcpsp.mzn_AND_benchmarks/rcpsp/data_psplib/j120/J120_59_8.dzn,1,4,"[(u'bprolog', 897.46)]"
benchmarks/rcpsp/rcpsp.mzn_AND_benchmarks/rcpsp/data_psplib/j30/J30_11_2.dzn,1,4,"[(u'bprolog', 897.88)]"
benchmarks/rcpsp/rcpsp.mzn_AND_benchmarks/rcpsp/data_psplib/j120/J120_56_7.dzn,1,4,"[(u'bprolog', 891.68)]"
benchmarks/rcpsp/rcpsp.mzn_AND_benchmarks/rcpsp/data_psplib/j120/J120_51_9.dzn,1,4,"[(u'bprolog', 892.62)]"
benchmarks/rcpsp/rcpsp.mzn_AND_benchmarks/rcpsp/data_psplib/j30/J30_10_10.dzn,1,4,"[(u'bprolog', 897.9)]"
benchmarks/rcpsp/rcpsp.mzn_AND_benchmarks/rcpsp/data_psplib/j120/J120_9_8.dzn,1,4,"[(u'bprolog', 897.51)]"
benchmarks/rcpsp/rcpsp.mzn_AND_benchmarks/rcpsp/data_psplib/j120/J120_7_8.dzn,1,4,"[(u'bprolog', 897.43)]"
benchmarks/rcpsp/rcpsp.mzn_AND_benchmarks/rcpsp/data_psplib/j120/J120_8_10.dzn,1,4,"[(u'bprolog', 897.52)]"
benchmarks/rcpsp/rcpsp.mzn_AND_benchmarks/rcpsp/data_psplib/j120/J120_47_5.dzn,1,4,"[(u'bprolog', 897.25)]"
benchmarks/rcpsp/rcpsp.mzn_AND_benchmarks/rcpsp/data_psplib/j120/J120_9_10.dzn,1,4,"[(u'bprolog', 897.5)]"
benchmarks/rcpsp/rcpsp.mzn_AND_benchmarks/rcpsp/data_psplib/j30/J30_13_2.dzn,1,4,"[(u'bprolog', 897.82)]"
benchmarks/rcpsp/rcpsp.mzn_AND_benchmarks/rcpsp/data_psplib/j30/J30_13_6.dzn,1,4,"[(u'bprolog', 897.88)]"
benchmarks/rcpsp/rcpsp.mzn_AND_benchmarks/rcpsp/data_psplib/j30/J30_13_3.dzn,1,4,"[(u'bprolog', 897.77)]"
benchmarks/rcpsp/rcpsp.mzn_AND_benchmarks/rcpsp/data_psplib/j30/J30_14_9.dzn,1,4,"[(u'bprolog', 897.89)]"
benchmarks/rcpsp/rcpsp.mzn_AND_benchmarks/rcpsp/data_psplib/j120/J120_7_9.dzn,1,4,"[(u'bprolog', 897.51)]"
benchmarks/rcpsp/rcpsp.mzn_AND_benchmarks/rcpsp/data_psplib/j120/J120_7_5.dzn,1,4,"[(u'bprolog', 897.27)]"
benchmarks/rcpsp/rcpsp.mzn_AND_benchmarks/rcpsp/data_psplib/j120/J120_9_9.dzn,1,4,"[(u'bprolog', 897.51)]"
benchmarks/rcpsp/rcpsp.mzn_AND_benchmarks/rcpsp/data_psplib/j30/J30_14_2.dzn,1,4,"[(u'bprolog', 897.9)]"
benchmarks/rcpsp/rcpsp.mzn_AND_benchmarks/rcpsp/data_psplib/j90/J90_17_6.dzn,1,4,"[(u'bprolog', 897.49)]"
benchmarks/rcpsp/rcpsp.mzn_AND_benchmarks/rcpsp/data_psplib/j90/J90_29_6.dzn,1,4,"[(u'bprolog', 897.67)]"
benchmarks/talent_scheduling/talent_scheduling.mzn_AND_benchmarks/talent_scheduling/easy/concert.dzn,1,4,"[(u'bprolog', 897.91)]"
benchmarks/ship-schedule/ship-schedule.cp.mzn_AND_benchmarks/ship-schedule/6Ships.dzn,1,4,"[(u'bprolog', 888.25)]"
benchmarks/talent_scheduling/talent_scheduling_alt.mzn_AND_benchmarks/talent_scheduling/medium/MobStory.dzn,1,4,"[(u'bprolog', 897.65)]"
benchmarks/vrp/vrp.mzn_AND_benchmarks/vrp/A-n34-k5.vrp.dzn,1,4,"[(u'bprolog', 894.1)]"
benchmarks/rcpsp/rcpsp.mzn_AND_benchmarks/rcpsp/data_psplib/j30/J30_13_7.dzn,1,4,"[(u'bprolog', 897.68)]"
benchmarks/vrp/vrp.mzn_AND_benchmarks/vrp/B-n31-k5.vrp.dzn,1,4,"[(u'bprolog', 894.73)]"
benchmarks/talent_scheduling/talent_scheduling_alt.mzn_AND_benchmarks/talent_scheduling/medium/film114.dzn,1,4,"[(u'bprolog', 897.81)]"
benchmarks/vrp/vrp.mzn_AND_benchmarks/vrp/A-n37-k5.vrp.dzn,1,4,"[(u'bprolog', 893.22)]"
benchmarks/vrp/vrp.mzn_AND_benchmarks/vrp/P-n23-k8.vrp.dzn,1,4,"[(u'bprolog', 897.26)]"
benchmarks/vrp/vrp.mzn_AND_benchmarks/vrp/P-n20-k2.vrp.dzn,1,4,"[(u'bprolog', 897.61)]"
benchmarks/shortest_path/shortest_path.mzn_AND_benchmarks/shortest_path/05.dzn,1,4,"[(u'bprolog', 897.82)]"
benchmarks/vrp/vrp.mzn_AND_benchmarks/vrp/P-n40-k5.vrp.dzn,1,4,"[(u'bprolog', 884.7)]"
benchmarks/vrp/vrp.mzn_AND_benchmarks/vrp/A-n44-k7.vrp.dzn,1,4,"[(u'bprolog', 876.46)]"
benchmarks/vrp/vrp.mzn_AND_benchmarks/vrp/B-n44-k7.vrp.dzn,1,4,"[(u'bprolog', 876.58)]"
benchmarks/vrp/vrp.mzn_AND_benchmarks/vrp/A-n45-k7.vrp.dzn,1,4,"[(u'bprolog', 874.17)]"
benchmarks/vrp/vrp.mzn_AND_benchmarks/vrp/B-n45-k5.vrp.dzn,1,4,"[(u'bprolog', 873.91)]"
benchmarks/vrp/vrp.mzn_AND_benchmarks/vrp/P-n50-k10.vrp.dzn,1,4,"[(u'bprolog', 855.71)]"
benchmarks/vrp/vrp.mzn_AND_benchmarks/vrp/P-n50-k8.vrp.dzn,1,4,"[(u'bprolog', 855.95)]"
benchmarks/vrp/vrp.mzn_AND_benchmarks/vrp/B-n51-k7.vrp.dzn,1,4,"[(u'bprolog', 851.0)]"
benchmarks/vrp/vrp.mzn_AND_benchmarks/vrp/A-n54-k7.vrp.dzn,1,4,"[(u'bprolog', 833.28)]"
benchmarks/vrp/vrp.mzn_AND_benchmarks/vrp/P-n55-k10.vrp.dzn,1,4,"[(u'bprolog', 826.32)]"
benchmarks/vrp/vrp.mzn_AND_benchmarks/vrp/P-n55-k15.vrp.dzn,1,4,"[(u'bprolog', 825.61)]"
benchmarks/vrp/vrp.mzn_AND_benchmarks/vrp/P-n55-k8.vrp.dzn,1,4,"[(u'bprolog', 826.7)]"
benchmarks/rcpsp/rcpsp.mzn_AND_benchmarks/rcpsp/data_psplib/j30/J30_21_3.dzn,1,4,"[(u'bprolog', 897.81)]"
benchmarks/rcpsp/rcpsp.mzn_AND_benchmarks/rcpsp/data_psplib/j30/J30_22_8.dzn,1,4,"[(u'bprolog', 897.88)]"
benchmarks/rcpsp/rcpsp.mzn_AND_benchmarks/rcpsp/data_psplib/j30/J30_14_4.dzn,1,4,"[(u'bprolog', 897.89)]"
benchmarks/rcpsp/rcpsp.mzn_AND_benchmarks/rcpsp/data_psplib/j30/J30_25_5.dzn,1,4,"[(u'bprolog', 897.78)]"
benchmarks/rcpsp/rcpsp.mzn_AND_benchmarks/rcpsp/data_psplib/j30/J30_21_5.dzn,1,4,"[(u'bprolog', 897.82)]"
benchmarks/rcpsp/rcpsp.mzn_AND_benchmarks/rcpsp/data_psplib/j30/J30_25_3.dzn,1,4,"[(u'bprolog', 897.81)]"
benchmarks/vrp/vrp.mzn_AND_benchmarks/vrp/B-n57-k9.vrp.dzn,1,4,"[(u'bprolog', 810.6)]"
benchmarks/rcpsp/rcpsp.mzn_AND_benchmarks/rcpsp/data_psplib/j30/J30_29_9.dzn,1,4,"[(u'bprolog', 897.62)]"
benchmarks/rcpsp/rcpsp.mzn_AND_benchmarks/rcpsp/data_psplib/j30/J30_31_10.dzn,1,4,"[(u'bprolog', 897.9)]"
benchmarks/rcpsp/rcpsp.mzn_AND_benchmarks/rcpsp/data_psplib/j90/J90_14_8.dzn,1,4,"[(u'bprolog', 897.67)]"
benchmarks/rcpsp/rcpsp.mzn_AND_benchmarks/rcpsp/data_psplib/j30/J30_30_6.dzn,1,4,"[(u'bprolog', 897.89)]"
benchmarks/rcpsp/rcpsp.mzn_AND_benchmarks/rcpsp/data_psplib/j30/J30_30_1.dzn,1,4,"[(u'bprolog', 897.9)]"
benchmarks/rcpsp/rcpsp.mzn_AND_benchmarks/rcpsp/data_psplib/j90/J90_31_6.dzn,1,4,"[(u'bprolog', 897.68)]"
benchmarks/rcpsp/rcpsp.mzn_AND_benchmarks/rcpsp/data_psplib/j90/J90_26_9.dzn,1,4,"[(u'bprolog', 897.69)]"
benchmarks/rcpsp/rcpsp.mzn_AND_benchmarks/rcpsp/data_psplib/j30/J30_25_7.dzn,1,4,"[(u'bprolog', 897.7)]"
benchmarks/rcpsp/rcpsp.mzn_AND_benchmarks/rcpsp/data_psplib/j30/J30_30_8.dzn,1,4,"[(u'bprolog', 897.89)]"
benchmarks/rcpsp/rcpsp.mzn_AND_benchmarks/rcpsp/data_psplib/j30/J30_37_1.dzn,1,4,"[(u'bprolog', 897.8)]"
benchmarks/rcpsp/rcpsp.mzn_AND_benchmarks/rcpsp/data_psplib/j30/J30_41_3.dzn,1,4,"[(u'bprolog', 897.63)]"
benchmarks/rcpsp/rcpsp.mzn_AND_benchmarks/rcpsp/data_psplib/j30/J30_45_1.dzn,1,4,"[(u'bprolog', 897.56)]"
benchmarks/rcpsp/rcpsp.mzn_AND_benchmarks/rcpsp/data_psplib/j90/J90_42_5.dzn,1,4,"[(u'bprolog', 897.69)]"
benchmarks/rcpsp/rcpsp.mzn_AND_benchmarks/rcpsp/data_psplib/j30/J30_41_10.dzn,1,4,"[(u'bprolog', 897.58)]"
benchmarks/rcpsp/rcpsp.mzn_AND_benchmarks/rcpsp/data_psplib/j30/J30_45_5.dzn,1,4,"[(u'bprolog', 897.72)]"
benchmarks/2DBinPacking/2DLevelPacking.mzn_AND_benchmarks/2DBinPacking/class_6/Class6_100_4.dzn,1,4,"[(u'bprolog', 837.83)]"
benchmarks/rcpsp/rcpsp.mzn_AND_benchmarks/rcpsp/data_psplib/j90/J90_29_8.dzn,1,4,"[(u'bprolog', 897.66)]"
benchmarks/rcpsp/rcpsp.mzn_AND_benchmarks/rcpsp/data_psplib/j90/J90_30_7.dzn,1,4,"[(u'bprolog', 897.67)]"
benchmarks/rcpsp/rcpsp.mzn_AND_benchmarks/rcpsp/data_psplib/j90/J90_21_8.dzn,1,4,"[(u'bprolog', 897.51)]"
benchmarks/rcpsp/rcpsp.mzn_AND_benchmarks/rcpsp/data_psplib/j90/J90_47_6.dzn,1,4,"[(u'bprolog', 897.66)]"
benchmarks/rcpsp/rcpsp.mzn_AND_benchmarks/rcpsp/data_psplib/j90/J90_47_4.dzn,1,4,"[(u'bprolog', 897.68)]"
benchmarks/rcpsp/rcpsp.mzn_AND_benchmarks/rcpsp/data_psplib/j90/J90_37_4.dzn,1,4,"[(u'bprolog', 896.97)]"
benchmarks/rcpsp/rcpsp.mzn_AND_benchmarks/rcpsp/data_psplib/j90/J90_37_6.dzn,1,4,"[(u'bprolog', 897.35)]"
benchmarks/rcpsp/rcpsp.mzn_AND_benchmarks/rcpsp/data_psplib/j90/J90_38_3.dzn,1,4,"[(u'bprolog', 897.69)]"
benchmarks/vrp/vrp.mzn_AND_benchmarks/vrp/A-n60-k9.vrp.dzn,1,4,"[(u'bprolog', 780.74)]"
benchmarks/rcpsp/rcpsp.mzn_AND_benchmarks/rcpsp/data_psplib/j90/J90_34_5.dzn,1,4,"[(u'bprolog', 897.67)]"
benchmarks/rcpsp/rcpsp.mzn_AND_benchmarks/rcpsp/data_psplib/j90/J90_37_10.dzn,1,4,"[(u'bprolog', 897.38)]"
benchmarks/rcpsp/rcpsp.mzn_AND_benchmarks/rcpsp/data_psplib/j90/J90_37_3.dzn,1,4,"[(u'bprolog', 896.93)]"
benchmarks/rcpsp/rcpsp.mzn_AND_benchmarks/rcpsp/data_psplib/j90/J90_41_7.dzn,1,4,"[(u'bprolog', 896.72)]"
benchmarks/rcpsp/rcpsp.mzn_AND_benchmarks/rcpsp/data_psplib/j90/J90_45_10.dzn,1,4,"[(u'bprolog', 897.63)]"
benchmarks/rcpsp/rcpsp.mzn_AND_benchmarks/rcpsp/data_psplib/j90/J90_45_1.dzn,1,4,"[(u'bprolog', 897.66)]"
benchmarks/rcpsp/rcpsp.mzn_AND_benchmarks/rcpsp/data_psplib/j90/J90_37_7.dzn,1,4,"[(u'bprolog', 896.92)]"
benchmarks/rcpsp/rcpsp.mzn_AND_benchmarks/rcpsp/data_psplib/j90/J90_37_5.dzn,1,4,"[(u'bprolog', 896.35)]"
benchmarks/rcpsp/rcpsp.mzn_AND_benchmarks/rcpsp/data_psplib/j90/J90_41_9.dzn,1,4,"[(u'bprolog', 897.68)]"
benchmarks/rcpsp/rcpsp.mzn_AND_benchmarks/rcpsp/data_psplib/j90/J90_5_4.dzn,1,4,"[(u'bprolog', 897.67)]"
benchmarks/rcpsp/rcpsp.mzn_AND_benchmarks/rcpsp/data_psplib/j90/J90_5_7.dzn,1,4,"[(u'bprolog', 897.62)]"
benchmarks/rcpsp/rcpsp.mzn_AND_benchmarks/rcpsp/data_psplib/j90/J90_45_4.dzn,1,4,"[(u'bprolog', 897.66)]"
benchmarks/rcpsp/rcpsp.mzn_AND_benchmarks/rcpsp/data_psplib/j90/J90_42_10.dzn,1,4,"[(u'bprolog', 897.69)]"
benchmarks/rcpsp/rcpsp.mzn_AND_benchmarks/rcpsp/data_psplib/j90/J90_42_2.dzn,1,4,"[(u'bprolog', 897.67)]"
benchmarks/rcpsp/rcpsp.mzn_AND_benchmarks/rcpsp/data_psplib/j90/J90_9_3.dzn,1,4,"[(u'bprolog', 897.68)]"
benchmarks/rcpsp/rcpsp.mzn_AND_benchmarks/rcpsp/data_psplib/j90/J90_9_4.dzn,1,4,"[(u'bprolog', 897.69)]"
benchmarks/rcpsp/rcpsp.mzn_AND_benchmarks/rcpsp/data_psplib/j90/J90_5_1.dzn,1,4,"[(u'bprolog', 897.66)]"
benchmarks/rcpsp/rcpsp.mzn_AND_benchmarks/rcpsp/data_psplib/j90/J90_9_7.dzn,1,4,"[(u'bprolog', 897.69)]"
benchmarks/rectangle-packing/rect_packing_opt.mzn_AND_benchmarks/rectangle-packing/data_square/rpp23_false.dzn,1,4,"[(u'bprolog', 896.99)]"
benchmarks/rcpsp/rcpsp.mzn_AND_benchmarks/rcpsp/data_psplib/j90/J90_38_5.dzn,1,4,"[(u'bprolog', 897.68)]"
benchmarks/rectangle-packing/rect_packing_opt.mzn_AND_benchmarks/rectangle-packing/data_square/rpp27_true.dzn,1,4,"[(u'bprolog', 895.92)]"
benchmarks/pattern-set-mining/pattern_set_mining_k1.mzn_AND_benchmarks/pattern-set-mining/kr-vs-kp.dzn,1,4,"[(u'bprolog', 486.35)]"
benchmarks/ship-schedule/ship-schedule.cp.mzn_AND_benchmarks/ship-schedule/7ShipsMixedUnconst.dzn,1,4,"[(u'bprolog', 886.94)]"
benchmarks/roster/roster_model.mzn_AND_benchmarks/roster/chicroster_dataset_large_13.dzn,1,4,"[(u'bprolog', 896.94)]"
benchmarks/roster/roster_model.mzn_AND_benchmarks/roster/chicroster_dataset_large_15.dzn,1,4,"[(u'bprolog', 896.82)]"
benchmarks/sugiyama/sugiyama2.mzn_AND_benchmarks/sugiyama/g4_7_7_7_7.dzn,1,4,"[(u'bprolog', 897.45)]"
benchmarks/still_life/still_life.mzn_AND_benchmarks/still_life/8x8.dzn,1,4,"[(u'bprolog', 897.78)]"
benchmarks/rectangle-packing/rect_packing_opt.mzn_AND_benchmarks/rectangle-packing/data_square/rpp23_true.dzn,1,4,"[(u'bprolog', 896.84)]"
benchmarks/table-layout/TableLayout.mzn_AND_benchmarks/table-layout/en-1000-274-line403.dzn,1,4,"[(u'bprolog', 897.1)]"
benchmarks/vrp/vrp.mzn_AND_benchmarks/vrp/A-n63-k10.vrp.dzn,1,4,"[(u'bprolog', 743.48)]"
benchmarks/rectangle-packing/rect_packing_opt.mzn_AND_benchmarks/rectangle-packing/data_square/rpp30_true.dzn,1,4,"[(u'bprolog', 894.36)]"
benchmarks/ship-schedule/ship-schedule.mip.mzn_AND_benchmarks/ship-schedule/3ShipsMixed.dzn,1,4,"[(u'bprolog', 893.64)]"
benchmarks/ship-schedule/ship-schedule.mip.mzn_AND_benchmarks/ship-schedule/4ShipsMixed.dzn,1,4,"[(u'bprolog', 893.39)]"
benchmarks/ship-schedule/ship-schedule.mip.mzn_AND_benchmarks/ship-schedule/4ShipsMixedUnconst.dzn,1,4,"[(u'bprolog', 893.39)]"
benchmarks/rectangle-packing/rect_packing_opt.mzn_AND_benchmarks/rectangle-packing/data_square/rpp21_true.dzn,1,4,"[(u'bprolog', 897.13)]"
benchmarks/still_life/still_life.mzn_AND_benchmarks/still_life/9x9.dzn,1,4,"[(u'bprolog', 897.69)]"
benchmarks/still_life/still_life_no_border.mzn_AND_benchmarks/still_life/9x9.dzn,1,4,"[(u'bprolog', 897.83)]"
benchmarks/ship-schedule/ship-schedule.mip.mzn_AND_benchmarks/ship-schedule/5ShipsMixedUnconst.dzn,1,4,"[(u'bprolog', 893.14)]"
benchmarks/ship-schedule/ship-schedule.mip.mzn_AND_benchmarks/ship-schedule/6ShipsMixed.dzn,1,4,"[(u'bprolog', 892.8)]"
benchmarks/table-layout/TableLayout.mzn_AND_benchmarks/table-layout/en-1000-1615-line479.dzn,1,4,"[(u'bprolog', 897.11)]"
benchmarks/ship-schedule/ship-schedule.mip.mzn_AND_benchmarks/ship-schedule/7ShipsUnconst.dzn,1,4,"[(u'bprolog', 893.02)]"
benchmarks/ship-schedule/ship-schedule.mip.mzn_AND_benchmarks/ship-schedule/4ShipsUnconst.dzn,1,4,"[(u'bprolog', 893.61)]"
benchmarks/ship-schedule/ship-schedule.mip.mzn_AND_benchmarks/ship-schedule/4Ships.dzn,1,4,"[(u'bprolog', 893.63)]"
benchmarks/rcpsp/rcpsp.mzn_AND_benchmarks/rcpsp/data_psplib/j30/J30_5_9.dzn,1,4,"[(u'bprolog', 897.87)]"
benchmarks/table-layout/TableLayout.mzn_AND_benchmarks/table-layout/en-1000-1274-line521.dzn,1,4,"[(u'bprolog', 894.81)]"
benchmarks/rcpsp/rcpsp.mzn_AND_benchmarks/rcpsp/data_psplib/j30/J30_46_3.dzn,1,4,"[(u'bprolog', 897.88)]"
benchmarks/rcpsp/rcpsp.mzn_AND_benchmarks/rcpsp/data_psplib/j30/J30_37_7.dzn,1,4,"[(u'bprolog', 897.77)]"
benchmarks/rcpsp/rcpsp.mzn_AND_benchmarks/rcpsp/data_psplib/j30/J30_5_5.dzn,1,4,"[(u'bprolog', 897.82)]"
benchmarks/rcpsp/rcpsp.mzn_AND_benchmarks/rcpsp/data_psplib/j30/J30_46_7.dzn,1,4,"[(u'bprolog', 897.88)]"
benchmarks/rcpsp/rcpsp.mzn_AND_benchmarks/rcpsp/data_psplib/j60/J60_13_2.dzn,1,4,"[(u'bprolog', 897.79)]"
benchmarks/rcpsp/rcpsp.mzn_AND_benchmarks/rcpsp/data_psplib/j60/J60_13_6.dzn,1,4,"[(u'bprolog', 897.81)]"
benchmarks/rcpsp/rcpsp.mzn_AND_benchmarks/rcpsp/data_psplib/j60/J60_1_7.dzn,1,4,"[(u'bprolog', 897.75)]"
benchmarks/rcpsp/rcpsp.mzn_AND_benchmarks/rcpsp/data_psplib/j60/J60_21_3.dzn,1,4,"[(u'bprolog', 897.58)]"
benchmarks/rcpsp/rcpsp.mzn_AND_benchmarks/rcpsp/data_psplib/j30/J30_5_1.dzn,1,4,"[(u'bprolog', 897.85)]"
benchmarks/rcpsp/rcpsp.mzn_AND_benchmarks/rcpsp/data_psplib/j60/J60_25_6.dzn,1,4,"[(u'bprolog', 897.59)]"
benchmarks/ship-schedule/ship-schedule.cp.mzn_AND_benchmarks/ship-schedule/8Ships.dzn,1,4,"[(u'bprolog', 877.59)]"
benchmarks/rcpsp/rcpsp.mzn_AND_benchmarks/rcpsp/data_psplib/j60/J60_29_8.dzn,1,4,"[(u'bprolog', 897.81)]"
benchmarks/rcpsp/rcpsp.mzn_AND_benchmarks/rcpsp/data_psplib/j60/J60_30_5.dzn,1,4,"[(u'bprolog', 897.8)]"
benchmarks/rcpsp/rcpsp.mzn_AND_benchmarks/rcpsp/data_psplib/j60/J60_25_5.dzn,1,4,"[(u'bprolog', 897.57)]"
benchmarks/rcpsp/rcpsp.mzn_AND_benchmarks/rcpsp/data_psplib/j60/J60_13_1.dzn,1,4,"[(u'bprolog', 897.71)]"
benchmarks/rcpsp/rcpsp.mzn_AND_benchmarks/rcpsp/data_psplib/j60/J60_45_2.dzn,1,4,"[(u'bprolog', 897.44)]"
benchmarks/rcpsp/rcpsp.mzn_AND_benchmarks/rcpsp/data_psplib/j60/J60_46_1.dzn,1,4,"[(u'bprolog', 897.8)]"
benchmarks/rcpsp/rcpsp.mzn_AND_benchmarks/rcpsp/data_psplib/j60/J60_46_9.dzn,1,4,"[(u'bprolog', 897.8)]"
benchmarks/rcpsp/rcpsp.mzn_AND_benchmarks/rcpsp/data_psplib/j90/J90_14_2.dzn,1,4,"[(u'bprolog', 897.67)]"
benchmarks/rcpsp/rcpsp.mzn_AND_benchmarks/rcpsp/data_psplib/j60/J60_37_4.dzn,1,4,"[(u'bprolog', 897.56)]"
benchmarks/rcpsp/rcpsp.mzn_AND_benchmarks/rcpsp/data_psplib/j60/J60_45_1.dzn,1,4,"[(u'bprolog', 897.79)]"
benchmarks/rcpsp/rcpsp.mzn_AND_benchmarks/rcpsp/data_psplib/j60/J60_5_10.dzn,1,4,"[(u'bprolog', 897.77)]"
benchmarks/rcpsp/rcpsp.mzn_AND_benchmarks/rcpsp/data_psplib/j90/J90_14_9.dzn,1,4,"[(u'bprolog', 897.68)]"
benchmarks/rcpsp/rcpsp.mzn_AND_benchmarks/rcpsp/data_psplib/j60/J60_5_7.dzn,1,4,"[(u'bprolog', 897.4)]"
benchmarks/rcpsp/rcpsp.mzn_AND_benchmarks/rcpsp/data_psplib/j60/J60_9_10.dzn,1,4,"[(u'bprolog', 897.76)]"
benchmarks/rcpsp/rcpsp.mzn_AND_benchmarks/rcpsp/data_psplib/j60/J60_9_2.dzn,1,4,"[(u'bprolog', 897.67)]"
benchmarks/rcpsp/rcpsp.mzn_AND_benchmarks/rcpsp/data_psplib/j60/J60_46_10.dzn,1,4,"[(u'bprolog', 897.78)]"
benchmarks/rcpsp/rcpsp.mzn_AND_benchmarks/rcpsp/data_psplib/j90/J90_13_10.dzn,1,4,"[(u'bprolog', 897.65)]"
benchmarks/rcpsp/rcpsp.mzn_AND_benchmarks/rcpsp/data_psplib/j90/J90_26_6.dzn,1,4,"[(u'bprolog', 897.68)]"
benchmarks/rcpsp/rcpsp.mzn_AND_benchmarks/rcpsp/data_psplib/j60/J60_46_7.dzn,1,4,"[(u'bprolog', 897.79)]"
benchmarks/rcpsp/rcpsp.mzn_AND_benchmarks/rcpsp/data_psplib/j90/J90_21_2.dzn,1,4,"[(u'bprolog', 897.43)]"
benchmarks/rcpsp/rcpsp.mzn_AND_benchmarks/rcpsp/data_psplib/j90/J90_1_3.dzn,1,4,"[(u'bprolog', 897.6)]"
benchmarks/rcpsp/rcpsp.mzn_AND_benchmarks/rcpsp/data_psplib/j60/J60_5_4.dzn,1,4,"[(u'bprolog', 897.59)]"
benchmarks/rcpsp/rcpsp.mzn_AND_benchmarks/rcpsp/data_psplib/j90/J90_25_3.dzn,1,4,"[(u'bprolog', 897.5)]"
benchmarks/rcpsp/rcpsp.mzn_AND_benchmarks/rcpsp/data_psplib/j90/J90_25_6.dzn,1,4,"[(u'bprolog', 897.68)]"
benchmarks/rcpsp/rcpsp.mzn_AND_benchmarks/rcpsp/data_psplib/j90/J90_25_4.dzn,1,4,"[(u'bprolog', 897.49)]"
benchmarks/rcpsp/rcpsp.mzn_AND_benchmarks/rcpsp/data_psplib/j90/J90_17_2.dzn,1,4,"[(u'bprolog', 897.46)]"
benchmarks/rcpsp/rcpsp.mzn_AND_benchmarks/rcpsp/data_psplib/j90/J90_26_7.dzn,1,4,"[(u'bprolog', 897.69)]"
benchmarks/rcpsp/rcpsp.mzn_AND_benchmarks/rcpsp/data_psplib/j90/J90_13_1.dzn,1,4,"[(u'bprolog', 897.67)]"
benchmarks/rcpsp/rcpsp.mzn_AND_benchmarks/rcpsp/data_psplib/j90/J90_25_8.dzn,1,4,"[(u'bprolog', 897.53)]"
benchmarks/vrp/vrp.mzn_AND_benchmarks/vrp/B-n67-k10.vrp.dzn,1,4,"[(u'bprolog', 672.11)]"
